signup_date,last_purchase_date,monthly_spend,total_shipments,churn_label,customer_id_anonymous
2023-01-15,2025-12-05,450.5,12.0,0.0,C00000
2023-02-20,2025-05-10,1200.0,45.0,0.0,C00001
2023-04-12,2025-06-01,890.2,22.0,0.0,C00002
2023-05-30,2024-12-20,310.0,5.0,1.0,C00003
2023-06-21,2025-04-15,2500.0,,0.0,C00004
2023-07-02,,150.0,2.0,1.0,C00005
2023-03-05,2025-03-25,,8.0,1.0,C00006
2023-08-14,2025-05-28,,15.0,0.0,C00007
2023-09-01,2025-01-10,600.75,10.0,0.0,C00008
2023-11-01,2025-05-20,520.0,14.0,0.0,C00010
2023-11-15,2025-06-15,850.0,30.0,0.0,C00011
2023-12-01,2025-01-10,,5.0,1.0,C00012
2024-01-05,2025-05-05,120.0,2.0,1.0,C00013
2024-01-20,2025-06-02,950.0,40.0,0.0,C00014
2024-02-10,2025-04-12,300.0,,0.0,C00015
2024-02-28,2025-05-28,410.0,18.0,0.0,C00016
2024-03-12,2025-03-15,1500.0,60.0,0.0,C00017
2024-03-25,2025-05-30,2200.0,85.0,0.0,C00018
2024-04-05,2025-05-06,,1.0,1.0,C00019
2024-04-15,2025-02-10,340.0,8.0,1.0,C00020
2024-12-05,2025-06-01,720.0,25.0,0.0,C00021
2024-05-20,2025-05-20,,50.0,0.0,C00022
2024-06-01,2025-01-05,200.0,4.0,1.0,C00023
2024-06-15,2025-06-10,615.0,19.0,0.0,C00024
2024-07-01,2025-01-05,,12.0,0.0,C00025
2024-07-10,2025-05-25,480.0,20.0,0.0,C00026
2024-07-25,2025-03-25,310.0,6.0,1.0,C00027
2024-08-05,2025-04-20,10.0,1.0,1.0,C00028
2024-08-15,2025-06-01,1300.0,48.0,0.0,C00029
2024-09-01,2025-01-01,,10.0,1.0,C00030
2024-09-15,2025-06-12,750.0,28.0,0.0,C00031
2024-10-01,2025-05-18,620.0,22.0,0.0,C00032
2024-10-15,2025-06-15,900.0,35.0,0.0,C00033
2024-11-01,2025-04-30,,12.0,0.0,C00034
2024-11-15,2025-05-22,540.0,16.0,0.0,C00035
2024-12-01,2025-01-06,1100.0,42.0,0.0,C00036
2024-12-15,2025-02-14,400.0,10.0,1.0,C00037
2025-01-05,2025-06-15,2500.0,90.0,0.0,C00038
2025-05-01,2025-05-10,320.0,7.0,1.0,C00039
2025-01-20,2025-06-20,880.0,32.0,0.0,C00040
2025-02-01,2025-05-28,450.0,15.0,0.0,C00041
2025-02-15,2025-06-10,310.0,8.0,1.0,C00042
2025-03-01,,700.0,24.0,0.0,C00043
2025-03-10,2025-10-06,,50.0,0.0,C00044
2025-03-20,2025-06-20,5000.0,150.0,0.0,C00045
2025-04-01,2025-05-15,420.0,18.0,0.0,C00046
2025-04-10,2025-10-06,3500.0,120.0,0.0,C00047
2025-04-20,2025-06-20,1800.0,55.0,0.0,C00048
2025-05-01,2025-06-05,290.0,5.0,1.0,C00049
2025-05-10,2025-10-06,1200.0,40.0,0.0,C00050
2023-01-01,2025-01-01,,0.0,1.0,C00051
2023-02-10,2024-12-20,400.0,12.0,1.0,C00052
2023-03-15,2025-06-20,10000.0,400.0,0.0,C00053
2023-04-01,2025-05-30,550.0,20.0,0.0,C00054
2023-05-10,2024-10-05,200.0,2.0,1.0,C00055
2023-06-01,2025-06-12,980.0,38.0,0.0,C00056
2023-07-01,2025-01-01,,0.0,1.0,C00057
2023-08-15,2025-05-15,1100.0,45.0,0.0,C00058
2023-09-01,2025-01-06,3000.0,110.0,0.0,C00059
2023-10-10,2025-06-01,850.0,32.0,0.0,C00060
2023-11-20,2025-06-20,7000.0,200.0,0.0,C00061
2023-12-05,2025-05-06,,90.0,0.0,C00062
2024-01-15,2025-05-15,1200.0,40.0,0.0,C00063
2024-05-26,2025-05-26,5000.0,200.0,0.0,C00064
2024-02-10,2025-06-10,2500.0,80.0,0.0,C00065
2024-03-01,2025-01-06,6000.0,180.0,0.0,C00066
2024-04-12,2025-06-15,3200.0,115.0,0.0,C00067
2024-05-01,2025-01-05,450.0,15.0,0.0,C00068
2024-06-20,2025-06-01,1100.0,38.0,0.0,C00069
2024-07-15,2025-06-15,8000.0,250.0,0.0,C00070
2024-08-05,2025-06-12,1400.0,48.0,0.0,C00071
2024-09-10,2025-10-06,2800.0,95.0,0.0,C00072
2024-10-25,2025-06-20,9500.0,350.0,0.0,C00073
2024-11-12,2025-05-15,600.0,20.0,0.0,C00074
2024-12-01,2025-01-06,1500.0,55.0,0.0,C00075
2025-01-10,2025-10-06,3100.0,105.0,0.0,C00076
2025-02-15,2025-06-01,900.0,30.0,0.0,C00077
2025-03-20,2025-06-20,4500.0,160.0,0.0,C00078
2025-04-05,2025-06-15,,12.0,0.0,C00079
2025-05-01,,2200.0,75.0,0.0,C00080
2023-01-15,2023-12-30,100.0,2.0,1.0,C00081
2023-02-25,2025-05-20,800.0,30.0,0.0,C00082
2023-03-10,2025-10-05,950.0,35.0,0.0,C00083
2023-04-18,2025-06-01,1300.0,48.0,0.0,C00084
2023-05-30,2025-05-30,4200.0,140.0,0.0,C00085
2023-06-12,2025-01-15,300.0,8.0,1.0,C00086
2023-07-20,2024-12-31,50.0,1.0,1.0,C00087
2023-08-05,2025-03-20,,15.0,1.0,C00088
2023-09-12,2024-12-12,,2.0,1.0,C00089
2023-10-01,2025-06-05,3800.0,130.0,0.0,C00090
2023-11-10,2025-05-28,600.0,22.0,0.0,C00091
2023-12-15,2025-04-15,,10.0,0.0,C00092
2024-01-20,2025-06-15,10000.0,500.0,0.0,C00093
2024-02-05,2025-05-10,750.0,25.0,0.0,C00094
2024-03-18,2025-06-01,430.0,15.0,0.0,C00095
2024-04-25,2024-11-30,210.0,5.0,1.0,C00096
2024-05-12,2025-12-06,,20.0,0.0,C00097
2024-06-01,2025-05-20,900.0,30.0,0.0,C00098
2024-07-15,2025-06-15,500.0,18.0,0.0,C00099
2024-08-20,2025-05-20,,12.0,0.0,C00100
2024-09-05,2024-12-15,150.0,4.0,1.0,C00101
2024-10-10,2025-10-06,85.0,2.0,0.0,C00102
2024-11-25,2025-01-10,,1.0,1.0,C00103
2024-12-01,2025-06-15,2000.0,80.0,0.0,C00104
2025-01-15,2025-05-15,,100.0,0.0,C00105
2025-02-10,2025-06-10,400.0,15.0,0.0,C00106
2025-03-05,2025-05-06,600.0,22.0,0.0,C00107
2025-04-12,2025-06-01,,5.0,0.0,C00108
2025-05-20,2025-06-20,850.0,30.0,0.0,C00109
