id_cliente,segmento_pyme,volumen_envios_mes,gasto_mensual,fecha_ultimo_despacho,fecha_ultima_entrega,dias_retraso_promedio,target_fuga
C-2001,Pyme-C,68,892.54,2026-01-08,2026-01-09,0.6,0
C-2002,Pyme-C,66,3303.79,2026-01-03,2026-01-07,1.8,0
C-2003,Pyme-B,48,910.25,2026-01-17,2026-01-20,0.4,0
C-2004,Pyme-A,183,1535.7,2026-01-18,2026-01-21,1.3,0
C-2005,Pyme-A,154,2980.28,2026-01-01,2026-01-03,1.6,0
C-2006,Pyme-C,148,2058.93,2026-01-31,2026-02-02,0.3,0
C-2007,Pyme-A,63,2205.73,2026-01-12,2026-01-15,0.7,0
C-2008,Pyme-B,246,960.77,2026-01-04,2026-01-06,0.9,0
C-2009,Pyme-A,181,1884.76,2026-01-29,2026-02-01,1.3,0
C-2010,Pyme-C,89,3406.92,2026-01-08,2026-01-10,0.1,0
C-2011,Pyme-A,99,4005.99,2026-01-15,2026-01-18,0.8,0
C-2012,Pyme-B,81,2169.67,2026-01-09,2026-01-06,-1.0,0
C-2013,Pyme-C,202,1433.21,2026-01-06,2026-01-09,1.5,0
C-2014,Pyme-B,109,4461.24,2026-01-18,2026-01-20,1.3,0
C-2015,Pyme-C,123,99999.0,2026-01-08,,,0
C-2016,Pyme-A,246,1967.18,2026-01-07,2026-01-10,0.5,0
C-2017,Pyme-C,120,1586.72,2026-01-29,2026-02-01,1.0,0
C-2018,Pyme-B,76,1780.06,2026-01-18,2026-01-21,0.5,0
C-2019,Pyme-B,231,2962.97,2026-01-13,2026-01-16,1.8,0
C-2020,Pyme-A,75,2685.25,2026-01-02,2026-01-03,0.2,0
C-2021,Pyme-A,200,1391.93,2026-01-20,2026-01-22,1.4,0
C-2022,Pyme-B,137,-75.14,2026-01-18,,,0
C-2023,Pyme-A,214,3466.67,2026-01-18,2026-01-21,1.4,0
C-2024,Pyme-C,127,1212.74,2026-01-15,2026-01-14,-3.0,0
C-2025,Pyme-C,235,1461.01,2026-01-28,2026-02-01,1.8,0
C-2026,Pyme-B,203,2678.35,2026-01-12,2026-01-13,0.4,0
C-2027,Pyme-C,239,4213.01,2026-01-20,2026-01-23,1.8,0
C-2028,Pyme-B,2,77.97,2026-01-27,2026-02-04,6.2,1
C-2029,Pyme-A,54,1691.22,2026-01-03,2026-01-05,1.1,0
C-2030,Pyme-C,164,99999.0,2026-01-18,,,0
C-2031,Pyme-A,72,3241.08,2026-01-06,2026-01-09,1.9,0
C-2032,Pyme-C,195,2365.61,2026-01-18,2026-01-21,0.4,0
C-2033,Pyme-C,91,3437.91,2026-01-22,2026-01-25,0.8,0
C-2034,Pyme-B,152,4128.57,2026-01-08,2026-01-09,0.9,0
C-2035,Pyme-A,126,877.83,2026-01-19,2026-01-21,1.1,0
C-2036,Pyme-A,58,3419.01,2026-01-03,2026-01-02,-3.0,0
C-2037,Pyme-A,171,1680.62,2026-01-07,2026-01-11,1.3,0
C-2038,Pyme-A,225,4261.4,2026-01-16,2026-01-18,1.1,0
C-2039,Pyme-B,246,2306.12,2026-01-22,2026-01-24,0.2,0
C-2040,Pyme-B,148,2321.08,2026-01-02,2026-01-06,1.7,0
C-2041,Pyme-C,205,1164.15,2026-01-11,2026-01-12,0.8,0
C-2042,Pyme-A,89,1503.77,2026-01-14,2026-01-15,0.9,0
C-2043,Pyme-B,158,1724.28,2026-01-15,2026-01-19,1.8,0
C-2044,Pyme-A,52,-51.48,2026-01-03,,,0
C-2045,Pyme-A,82,99999.0,2026-01-28,,,0
C-2046,Pyme-B,55,1409.16,2026-01-13,2026-01-15,0.0,0
C-2047,Pyme-B,113,2365.13,2026-01-26,2026-01-30,1.9,0
C-2048,Pyme-C,223,2600.68,2026-01-07,2026-01-06,-1.0,0
C-2049,Pyme-C,120,1011.51,2026-01-17,2026-01-21,1.2,0
C-2050,Pyme-A,54,4354.88,2026-01-06,2026-01-07,0.2,0
C-2051,Pyme-C,57,3298.29,2026-01-04,2026-01-07,0.5,0
C-2052,Pyme-A,188,2999.72,2026-01-14,2026-01-18,1.2,0
C-2053,Pyme-C,184,2734.3,2026-01-07,2026-01-11,1.9,0
C-2054,Pyme-C,120,1683.14,2026-01-22,2026-01-25,0.8,0
C-2055,Pyme-B,157,1969.86,2026-01-03,2026-01-05,1.5,0
C-2056,Pyme-B,11,299.61,2026-01-03,2026-01-15,10.0,1
C-2057,Pyme-A,169,1781.24,2026-01-29,2026-01-31,1.9,0
C-2058,Pyme-A,134,1854.45,2026-01-18,2026-01-21,0.9,0
C-2059,Pyme-B,196,4440.26,2026-01-17,2026-01-19,1.6,0
C-2060,Pyme-C,249,99999.0,2026-01-04,2026-01-03,-3.0,0
C-2061,Pyme-A,67,3546.94,2026-01-10,2026-01-13,0.3,0
C-2062,Pyme-A,223,2068.66,2026-01-28,2026-01-31,1.4,0
C-2063,Pyme-C,165,1729.15,2026-01-02,2026-01-04,1.8,0
C-2064,Pyme-C,148,3868.59,2026-01-11,2026-01-12,0.1,0
C-2065,Pyme-C,107,1397.85,2026-01-23,2026-01-25,0.9,0
C-2066,Pyme-C,42,-119.1,2026-01-05,,,0
C-2067,Pyme-C,49,3888.0,2026-01-05,2026-01-08,1.2,0
C-2068,Pyme-A,50,1940.56,2026-01-26,2026-01-28,1.8,0
C-2069,Pyme-B,93,3323.65,2026-01-12,2026-01-16,1.3,0
C-2070,Pyme-B,198,3573.07,2026-01-08,2026-01-10,1.9,0
C-2071,Pyme-A,145,891.71,2026-01-11,2026-01-14,1.5,0
C-2072,Pyme-C,228,3799.77,2026-01-26,2026-01-23,-1.0,0
C-2073,Pyme-B,49,3976.8,2026-01-27,2026-01-29,0.4,0
C-2074,Pyme-B,118,3835.98,2026-01-08,2026-01-10,1.7,0
C-2075,Pyme-C,89,99999.0,2026-01-03,,,0
C-2076,Pyme-B,129,3173.48,2026-01-27,2026-01-30,0.8,0
C-2077,Pyme-B,47,1226.76,2026-01-06,2026-01-10,1.9,0
C-2078,Pyme-B,49,1201.09,2026-01-24,2026-01-26,0.9,0
C-2079,Pyme-B,195,4441.67,2026-01-29,2026-02-01,0.2,0
C-2080,Pyme-A,105,964.23,2026-01-17,2026-01-20,0.9,0
C-2081,Pyme-C,224,4278.97,2026-01-07,2026-01-10,1.5,0
C-2082,Pyme-B,57,4310.84,2026-01-20,2026-01-23,1.8,0
C-2083,Pyme-C,71,3463.09,2026-01-10,2026-01-13,0.6,0
C-2084,Pyme-B,7,150.6,2026-01-05,2026-01-04,-4.0,1
C-2085,Pyme-C,137,3306.08,2026-01-20,2026-01-24,1.8,0
C-2086,Pyme-B,143,2827.37,2026-01-10,2026-01-11,0.0,0
C-2087,Pyme-B,241,2945.94,2026-01-15,2026-01-18,1.3,0
C-2088,Pyme-B,212,-140.12,2026-01-26,,,0
C-2089,Pyme-C,83,3237.75,2026-01-22,2026-01-25,0.6,0
C-2090,Pyme-C,125,99999.0,2026-01-08,,,0
C-2091,Pyme-C,119,1631.17,2026-01-01,2026-01-02,0.4,0
C-2092,Pyme-A,161,3061.71,2026-01-15,2026-01-18,1.5,0
C-2093,Pyme-C,187,1519.41,2026-01-16,2026-01-19,1.4,0
C-2094,Pyme-A,77,3227.41,2026-01-25,2026-01-26,0.0,0
C-2095,Pyme-B,96,1450.78,2026-01-17,2026-01-20,1.9,0
C-2096,Pyme-A,182,1722.03,2026-01-15,2026-01-14,-4.0,0
C-2097,Pyme-C,175,4455.2,2026-01-31,2026-02-03,1.2,0
C-2098,Pyme-C,248,3461.31,2026-01-27,2026-01-31,1.0,0
C-2099,Pyme-B,80,3551.53,2026-01-09,2026-01-10,0.9,0
C-2100,Pyme-C,110,3633.51,2026-01-21,2026-01-23,1.0,0
C-2101,Pyme-B,152,1086.69,2026-01-09,2026-01-11,0.6,0
C-2102,Pyme-B,178,1098.14,2026-01-13,2026-01-16,0.3,0
C-2103,Pyme-A,220,1591.63,2026-01-11,2026-01-14,0.8,0
C-2104,Pyme-B,146,1030.38,2026-01-13,2026-01-17,1.7,0
C-2105,Pyme-C,45,99999.0,2026-01-13,,,0
C-2106,Pyme-B,41,4288.14,2026-01-13,2026-01-15,0.6,0
C-2107,Pyme-C,231,3518.15,2026-01-29,2026-01-31,1.6,0
C-2108,Pyme-B,96,1809.86,2026-01-13,2026-01-11,-4.0,0
C-2109,Pyme-C,82,3909.87,2026-01-20,2026-01-24,1.8,0
C-2110,Pyme-A,140,-58.39,2026-01-14,,,0
C-2111,Pyme-A,158,1472.4,2026-01-11,2026-01-12,0.5,0
C-2112,Pyme-B,7,134.38,2026-01-09,2026-01-20,9.3,1
C-2113,Pyme-B,60,2540.14,2026-01-02,2026-01-05,1.5,0
C-2114,Pyme-A,206,1053.89,2026-01-02,2026-01-04,1.9,0
C-2115,Pyme-A,91,3905.15,2026-01-08,2026-01-10,1.2,0
C-2116,Pyme-B,211,1223.24,2026-01-15,2026-01-19,1.9,0
C-2117,Pyme-B,236,2164.91,2026-01-31,2026-02-04,1.2,0
C-2118,Pyme-C,69,3677.83,2026-01-10,2026-01-11,0.3,0
C-2119,Pyme-C,46,4236.88,2026-01-30,2026-02-02,1.2,0
C-2120,Pyme-B,223,99999.0,2026-01-27,2026-01-24,-2.0,0
C-2121,Pyme-A,218,3658.18,2026-01-20,2026-01-22,1.7,0
C-2122,Pyme-C,240,951.96,2026-01-22,2026-01-25,1.1,0
C-2123,Pyme-A,169,3195.91,2026-01-14,2026-01-16,0.0,0
C-2124,Pyme-A,150,4354.91,2026-01-27,2026-01-30,1.3,0
C-2125,Pyme-C,79,2411.3,2026-01-31,2026-02-04,1.5,0
C-2126,Pyme-B,197,3790.34,2026-01-16,2026-01-19,1.1,0
C-2127,Pyme-B,227,2992.16,2026-01-08,2026-01-09,0.6,0
C-2128,Pyme-B,155,1702.29,2026-01-20,2026-01-23,0.9,0
C-2129,Pyme-B,126,906.19,2026-01-06,2026-01-09,1.7,0
C-2130,Pyme-A,130,3751.98,2026-01-29,2026-02-01,0.7,0
C-2131,Pyme-C,110,2856.43,2026-01-07,2026-01-09,1.0,0
C-2132,Pyme-A,224,-74.03,2026-01-16,2026-01-13,-4.0,0
C-2133,Pyme-B,242,863.8,2026-01-13,2026-01-16,0.6,0
C-2134,Pyme-A,118,3256.65,2026-01-18,2026-01-21,0.7,0
C-2135,Pyme-B,148,99999.0,2026-01-12,,,0
C-2136,Pyme-C,156,1802.39,2026-01-04,2026-01-07,0.5,0
C-2137,Pyme-A,120,1242.35,2026-01-25,2026-01-29,1.1,0
C-2138,Pyme-A,89,1600.62,2026-01-24,2026-01-27,1.0,0
C-2139,Pyme-C,192,1847.1,2026-01-07,2026-01-09,0.2,0
C-2140,Pyme-A,7,94.86,2026-01-18,2026-01-23,4.1,1
C-2141,Pyme-B,51,4404.89,2026-01-23,2026-01-25,1.1,0
C-2142,Pyme-C,232,2616.25,2026-01-19,2026-01-22,1.7,0
C-2143,Pyme-B,162,2429.73,2026-01-02,2026-01-04,0.4,0
C-2144,Pyme-B,69,3841.83,2026-01-03,2025-12-31,-1.0,0
C-2145,Pyme-A,78,3801.23,2026-01-03,2026-01-05,1.9,0
C-2146,Pyme-A,182,3628.44,2026-01-26,2026-01-30,1.2,0
C-2147,Pyme-A,238,2733.52,2026-01-15,2026-01-17,0.9,0
C-2148,Pyme-C,149,1929.91,2026-01-20,2026-01-24,1.2,0
C-2149,Pyme-A,235,1568.82,2026-01-22,2026-01-23,0.4,0
C-2150,Pyme-A,101,99999.0,2026-01-01,,,0
C-2151,Pyme-B,155,3350.67,2026-01-02,2026-01-03,0.9,0
C-2152,Pyme-B,220,1846.06,2026-01-03,2026-01-07,1.7,0
C-2153,Pyme-A,107,3714.96,2026-01-22,2026-01-24,1.3,0
C-2154,Pyme-B,69,-140.84,2026-01-27,,,0
C-2155,Pyme-A,58,1020.66,2026-01-20,2026-01-24,1.6,0
C-2156,Pyme-C,113,2424.87,2026-01-10,2026-01-07,-4.0,0
C-2157,Pyme-B,168,2797.93,2026-01-20,2026-01-21,0.9,0
C-2158,Pyme-B,228,1992.59,2026-01-03,2026-01-04,0.5,0
C-2159,Pyme-C,187,2972.35,2026-01-25,2026-01-28,0.0,0
C-2160,Pyme-B,187,948.86,2026-01-16,2026-01-20,1.5,0
C-2161,Pyme-C,153,4189.47,2026-01-19,2026-01-21,0.4,0
C-2162,Pyme-C,248,2619.39,2026-01-12,2026-01-14,0.2,0
C-2163,Pyme-B,122,3279.49,2026-01-11,2026-01-14,1.7,0
C-2164,Pyme-C,166,1866.41,2026-01-27,2026-01-31,1.9,0
C-2165,Pyme-A,156,99999.0,2026-01-04,,,0
C-2166,Pyme-B,171,3852.23,2026-01-28,2026-01-31,0.0,0
C-2167,Pyme-B,145,1000.56,2026-01-20,2026-01-23,1.0,0
C-2168,Pyme-C,9,240.0,2026-01-18,2026-01-17,-3.0,1
C-2169,Pyme-B,218,2593.43,2026-01-21,2026-01-24,0.1,0
C-2170,Pyme-A,221,1386.0,2026-01-18,2026-01-21,1.1,0
C-2171,Pyme-A,97,4471.35,2026-01-15,2026-01-17,1.8,0
C-2172,Pyme-C,79,2643.99,2026-01-17,2026-01-21,1.4,0
C-2173,Pyme-B,146,3888.48,2026-01-08,2026-01-11,2.0,0
C-2174,Pyme-C,77,2219.27,2026-01-17,2026-01-21,1.8,0
C-2175,Pyme-A,57,1822.12,2026-01-14,2026-01-17,1.6,0
C-2176,Pyme-C,108,-79.86,2026-01-19,,,0
C-2177,Pyme-C,208,2611.67,2026-01-18,2026-01-20,0.3,0
C-2178,Pyme-B,125,2842.09,2026-01-15,2026-01-18,1.1,0
C-2179,Pyme-A,218,1683.58,2026-01-28,2026-01-30,0.8,0
C-2180,Pyme-A,121,99999.0,2026-01-26,2026-01-24,-4.0,0
C-2181,Pyme-C,242,3836.77,2026-01-16,2026-01-18,2.0,0
C-2182,Pyme-A,168,4371.81,2026-01-04,2026-01-06,0.7,0
C-2183,Pyme-A,174,4168.63,2026-01-05,2026-01-07,0.0,0
C-2184,Pyme-C,79,1076.86,2026-01-09,2026-01-12,1.6,0
C-2185,Pyme-C,217,2270.69,2026-01-11,2026-01-14,0.2,0
C-2186,Pyme-C,137,4330.32,2026-01-29,2026-02-01,1.3,0
C-2187,Pyme-C,49,3084.6,2026-01-22,2026-01-24,0.5,0
C-2188,Pyme-A,231,1134.4,2026-01-25,2026-01-29,2.0,0
C-2189,Pyme-C,65,2441.61,2026-01-29,2026-01-31,1.4,0
C-2190,Pyme-A,123,3745.73,2026-01-12,2026-01-14,0.6,0
C-2191,Pyme-A,102,2765.32,2026-01-26,2026-01-28,1.1,0
C-2192,Pyme-A,84,1092.18,2026-01-20,2026-01-17,-2.0,0
C-2193,Pyme-B,189,1329.54,2026-01-09,2026-01-11,0.9,0
C-2194,Pyme-B,210,834.77,2026-01-29,2026-02-01,1.6,0
C-2195,Pyme-C,179,99999.0,2026-01-12,,,0
C-2196,Pyme-C,6,209.73,2026-01-09,2026-01-17,6.5,1
C-2197,Pyme-B,90,4497.68,2026-01-04,2026-01-06,1.7,0
C-2198,Pyme-B,186,-119.93,2026-01-01,,,0
C-2199,Pyme-C,141,1815.58,2026-01-22,2026-01-26,1.1,0
C-2200,Pyme-A,195,3557.14,2026-01-29,2026-02-01,1.7,0
C-2201,Pyme-A,195,3767.15,2026-01-07,2026-01-10,0.4,0
C-2202,Pyme-B,213,3595.64,2026-01-22,2026-01-24,1.5,0
C-2203,Pyme-C,64,4142.59,2026-01-10,2026-01-13,1.3,0
C-2204,Pyme-A,188,2149.99,2026-01-30,2026-01-28,-3.0,0
C-2205,Pyme-C,146,1449.87,2026-01-18,2026-01-20,0.3,0
C-2206,Pyme-C,168,4179.9,2026-01-09,2026-01-12,1.7,0
C-2207,Pyme-B,231,4020.47,2026-01-15,2026-01-17,1.6,0
C-2208,Pyme-A,233,4376.05,2026-01-24,2026-01-28,1.7,0
C-2209,Pyme-B,245,2862.06,2026-01-13,2026-01-14,0.2,0
C-2210,Pyme-B,177,99999.0,2026-01-24,,,0
C-2211,Pyme-C,107,2962.87,2026-01-31,2026-02-03,1.6,0
C-2212,Pyme-A,212,1665.14,2026-01-29,2026-02-01,0.1,0
C-2213,Pyme-B,196,1619.06,2026-01-27,2026-01-29,0.1,0
C-2214,Pyme-C,117,3202.19,2026-01-02,2026-01-03,0.2,0
C-2215,Pyme-B,166,1229.65,2026-01-18,2026-01-19,0.5,0
C-2216,Pyme-B,156,2172.74,2026-01-23,2026-01-20,-4.0,0
C-2217,Pyme-C,230,3488.42,2026-01-21,2026-01-23,1.8,0
C-2218,Pyme-B,197,2310.03,2026-01-02,2026-01-06,1.9,0
C-2219,Pyme-B,95,2440.52,2026-01-28,2026-01-31,1.9,0
C-2220,Pyme-A,215,-114.48,2026-01-02,,,0
C-2221,Pyme-B,110,1502.29,2026-01-28,2026-01-30,0.2,0
C-2222,Pyme-A,209,1584.79,2026-01-01,2026-01-03,1.3,0
C-2223,Pyme-B,102,4458.64,2026-01-07,2026-01-09,1.6,0
C-2224,Pyme-C,5,196.6,2026-01-08,2026-01-18,8.9,1
C-2225,Pyme-A,241,99999.0,2026-01-28,,,0
C-2226,Pyme-A,73,2798.8,2026-01-04,2026-01-08,1.6,0
C-2227,Pyme-A,73,854.98,2026-01-08,2026-01-12,1.6,0
C-2228,Pyme-B,44,1444.71,2026-01-24,2026-01-22,-1.0,0
C-2229,Pyme-C,56,2562.11,2026-01-17,2026-01-21,1.6,0
C-2230,Pyme-A,155,2664.2,2026-01-02,2026-01-06,1.9,0
C-2231,Pyme-C,173,1916.03,2026-01-01,2026-01-03,1.3,0
C-2232,Pyme-B,142,2377.21,2026-01-23,2026-01-25,0.2,0
C-2233,Pyme-A,60,1991.81,2026-01-05,2026-01-07,0.3,0
C-2234,Pyme-C,202,2965.85,2026-01-13,2026-01-17,1.4,0
C-2235,Pyme-C,115,2478.75,2026-01-04,2026-01-08,1.2,0
C-2236,Pyme-A,207,3208.39,2026-01-24,2026-01-26,1.5,0
C-2237,Pyme-B,155,4085.94,2026-01-27,2026-01-29,0.8,0
C-2238,Pyme-B,146,3499.57,2026-01-11,2026-01-14,0.6,0
C-2239,Pyme-B,135,4328.29,2026-01-16,2026-01-18,1.4,0
C-2240,Pyme-A,61,99999.0,2026-01-24,2026-01-22,-2.0,0
C-2241,Pyme-C,55,2969.92,2026-01-11,2026-01-15,1.1,0
C-2242,Pyme-A,145,-125.03,2026-01-28,,,0
C-2243,Pyme-C,53,4383.07,2026-01-12,2026-01-14,1.2,0
C-2244,Pyme-C,169,1587.13,2026-01-08,2026-01-10,1.3,0
C-2245,Pyme-B,182,2159.98,2026-01-19,2026-01-21,1.5,0
C-2246,Pyme-B,183,4405.82,2026-01-20,2026-01-24,1.6,0
C-2247,Pyme-C,182,897.14,2026-01-27,2026-01-31,1.9,0
C-2248,Pyme-B,47,1467.54,2026-01-10,2026-01-13,1.4,0
C-2249,Pyme-B,41,1471.2,2026-01-22,2026-01-24,0.3,0
C-2250,Pyme-A,76,3541.59,2026-01-03,2026-01-07,1.9,0
C-2251,Pyme-C,95,2191.92,2026-01-06,2026-01-08,0.9,0
C-2252,Pyme-B,13,131.1,2026-01-20,2026-01-19,-1.0,1
C-2253,Pyme-A,80,3591.41,2026-01-03,2026-01-05,0.1,0
C-2254,Pyme-B,209,2368.85,2026-01-14,2026-01-17,1.2,0
C-2255,Pyme-A,233,99999.0,2026-01-04,,,0
C-2256,Pyme-B,213,3310.4,2026-01-22,2026-01-24,1.0,0
C-2257,Pyme-A,96,2262.47,2026-01-01,2026-01-03,1.2,0
C-2258,Pyme-B,94,3639.19,2026-01-10,2026-01-13,1.5,0
C-2259,Pyme-A,41,2640.33,2026-01-05,2026-01-07,0.9,0
C-2260,Pyme-C,220,1651.41,2026-01-22,2026-01-25,1.1,0
C-2261,Pyme-A,141,3988.53,2026-01-01,2026-01-03,0.1,0
C-2262,Pyme-A,120,2930.31,2026-01-23,2026-01-27,1.1,0
C-2263,Pyme-B,114,1226.14,2026-01-11,2026-01-12,0.0,0
C-2264,Pyme-C,157,-58.81,2026-01-28,2026-01-27,-2.0,0
C-2265,Pyme-B,190,2281.66,2026-01-28,2026-01-30,0.2,0
C-2266,Pyme-C,126,1619.82,2026-01-03,2026-01-07,1.6,0
C-2267,Pyme-C,69,2763.24,2026-01-25,2026-01-27,0.4,0
C-2268,Pyme-B,226,4345.43,2026-01-05,2026-01-07,1.3,0
C-2269,Pyme-A,77,1747.08,2026-01-05,2026-01-08,0.3,0
C-2270,Pyme-A,85,99999.0,2026-01-15,,,0
C-2271,Pyme-C,234,2944.03,2026-01-29,2026-02-02,1.4,0
C-2272,Pyme-C,202,4450.17,2026-01-21,2026-01-23,0.6,0
C-2273,Pyme-A,152,1052.66,2026-01-10,2026-01-12,0.9,0
C-2274,Pyme-C,54,2102.19,2026-01-15,2026-01-17,0.1,0
C-2275,Pyme-A,54,2164.33,2026-01-21,2026-01-22,0.6,0
C-2276,Pyme-C,192,2676.15,2026-01-18,2026-01-15,-1.0,0
C-2277,Pyme-B,247,2915.13,2026-01-20,2026-01-22,0.4,0
C-2278,Pyme-C,78,4343.57,2026-01-26,2026-01-28,0.9,0
C-2279,Pyme-C,61,2666.83,2026-01-08,2026-01-11,0.3,0
C-2280,Pyme-B,9,181.02,2026-01-12,2026-01-21,7.7,1
C-2281,Pyme-B,139,2312.45,2026-01-20,2026-01-21,0.7,0
C-2282,Pyme-C,205,2038.2,2026-01-18,2026-01-21,0.7,0
C-2283,Pyme-B,112,1732.38,2026-01-31,2026-02-04,1.7,0
C-2284,Pyme-A,125,1101.56,2026-01-30,2026-02-02,1.3,0
C-2285,Pyme-B,207,99999.0,2026-01-20,,,0
C-2286,Pyme-C,61,-129.17,2026-01-27,,,0
C-2287,Pyme-A,211,3400.47,2026-01-22,2026-01-26,1.9,0
C-2288,Pyme-A,205,3280.69,2026-01-01,2025-12-30,-3.0,0
C-2289,Pyme-A,94,2064.41,2026-01-07,2026-01-09,1.5,0
C-2290,Pyme-A,79,1085.51,2026-01-04,2026-01-08,1.7,0
C-2291,Pyme-C,229,4069.62,2026-01-11,2026-01-14,0.1,0
C-2292,Pyme-A,192,2193.86,2026-01-27,2026-01-30,0.3,0
C-2293,Pyme-C,247,4139.83,2026-01-02,2026-01-05,1.4,0
C-2294,Pyme-B,213,3462.47,2026-01-20,2026-01-23,1.9,0
C-2295,Pyme-C,240,2461.03,2026-01-10,2026-01-13,1.1,0
C-2296,Pyme-A,134,3309.74,2026-01-15,2026-01-18,1.1,0
C-2297,Pyme-B,239,2212.93,2026-01-31,2026-02-02,1.1,0
C-2298,Pyme-A,245,3037.25,2026-01-02,2026-01-06,1.7,0
C-2299,Pyme-B,135,2851.8,2026-01-28,2026-01-31,0.2,0
C-2300,Pyme-A,112,99999.0,2026-01-15,2026-01-12,-2.0,0
C-2301,Pyme-B,63,4301.73,2026-01-15,2026-01-17,0.4,0
C-2302,Pyme-A,146,997.05,2026-01-08,2026-01-11,1.0,0
C-2303,Pyme-A,135,1630.79,2026-01-04,2026-01-07,0.6,0
C-2304,Pyme-C,125,3728.11,2026-01-10,2026-01-12,0.3,0
C-2305,Pyme-C,75,3607.71,2026-01-20,2026-01-21,0.9,0
C-2306,Pyme-A,44,1746.92,2026-01-18,2026-01-22,1.7,0
C-2307,Pyme-C,175,2366.04,2026-01-08,2026-01-11,1.6,0
C-2308,Pyme-A,2,-112.28,2026-01-03,,,1
C-2309,Pyme-A,167,3007.93,2026-01-17,2026-01-20,0.0,0
C-2310,Pyme-A,223,1331.23,2026-01-20,2026-01-22,0.9,0
C-2311,Pyme-A,186,2341.3,2026-01-03,2026-01-07,1.3,0
C-2312,Pyme-B,57,4327.59,2026-01-26,2026-01-23,-1.0,0
C-2313,Pyme-B,160,961.08,2026-01-12,2026-01-14,0.8,0
C-2314,Pyme-C,44,2121.25,2026-01-08,2026-01-11,0.1,0
C-2315,Pyme-C,200,99999.0,2026-01-25,,,0
C-2316,Pyme-B,74,964.04,2026-01-27,2026-01-31,1.1,0
C-2317,Pyme-A,239,3333.33,2026-01-16,2026-01-20,2.0,0
C-2318,Pyme-A,247,1298.95,2026-01-31,2026-02-03,1.4,0
C-2319,Pyme-A,115,1545.89,2026-01-29,2026-01-31,1.6,0
C-2320,Pyme-B,119,2706.92,2026-01-18,2026-01-21,2.0,0
C-2321,Pyme-B,49,3587.18,2026-01-12,2026-01-13,0.4,0
C-2322,Pyme-C,124,1810.9,2026-01-14,2026-01-17,1.6,0
C-2323,Pyme-C,152,4110.16,2026-01-06,2026-01-08,0.8,0
C-2324,Pyme-C,167,2159.18,2026-01-09,2026-01-08,-4.0,0
C-2325,Pyme-A,150,3029.08,2026-01-18,2026-01-21,1.6,0
C-2326,Pyme-B,66,1096.25,2026-01-10,2026-01-13,1.3,0
C-2327,Pyme-C,223,2376.63,2026-01-12,2026-01-15,1.4,0
C-2328,Pyme-A,226,4019.14,2026-01-14,2026-01-16,0.7,0
C-2329,Pyme-C,242,4307.25,2026-01-21,2026-01-23,0.2,0
C-2330,Pyme-B,171,99999.0,2026-01-31,,,0
C-2331,Pyme-A,76,3940.08,2026-01-15,2026-01-17,1.4,0
C-2332,Pyme-A,57,1673.18,2026-01-12,2026-01-15,1.3,0
C-2333,Pyme-C,48,3038.85,2026-01-31,2026-02-03,1.4,0
C-2334,Pyme-B,153,3623.41,2026-01-17,2026-01-20,1.1,0
C-2335,Pyme-B,120,3203.37,2026-01-04,2026-01-05,0.5,0
C-2336,Pyme-C,4,174.76,2026-01-18,2026-01-17,-3.0,1
C-2337,Pyme-B,220,2451.21,2026-01-10,2026-01-14,2.0,0
C-2338,Pyme-B,91,1253.76,2026-01-15,2026-01-17,1.7,0
C-2339,Pyme-C,153,4489.87,2026-01-31,2026-02-03,1.6,0
C-2340,Pyme-C,128,3425.3,2026-01-10,2026-01-13,1.1,0
C-2341,Pyme-A,222,3425.39,2026-01-06,2026-01-09,1.4,0
C-2342,Pyme-C,97,1249.04,2026-01-05,2026-01-06,0.4,0
C-2343,Pyme-B,46,2135.32,2026-01-15,2026-01-19,1.1,0
C-2344,Pyme-A,196,4071.71,2026-01-13,2026-01-16,0.1,0
C-2345,Pyme-C,162,99999.0,2026-01-27,,,0
C-2346,Pyme-C,58,1263.71,2026-01-03,2026-01-05,0.6,0
C-2347,Pyme-B,214,2714.23,2026-01-27,2026-01-30,0.3,0
C-2348,Pyme-C,190,1473.26,2026-01-14,2026-01-11,-1.0,0
C-2349,Pyme-A,172,1366.16,2026-01-11,2026-01-14,0.3,0
C-2350,Pyme-A,128,4305.69,2026-01-10,2026-01-12,1.0,0
C-2351,Pyme-B,90,3149.71,2026-01-05,2026-01-09,1.1,0
C-2352,Pyme-B,197,-66.86,2026-01-31,,,0
C-2353,Pyme-C,79,1433.44,2026-01-29,2026-02-02,1.2,0
C-2354,Pyme-B,184,952.42,2026-01-03,2026-01-05,1.7,0
C-2355,Pyme-C,237,2934.05,2026-01-25,2026-01-29,1.3,0
C-2356,Pyme-B,198,3164.27,2026-01-21,2026-01-24,1.0,0
C-2357,Pyme-B,204,4339.61,2026-01-26,2026-01-29,1.0,0
C-2358,Pyme-B,116,2478.11,2026-01-06,2026-01-09,1.4,0
C-2359,Pyme-B,163,2518.44,2026-01-05,2026-01-07,0.7,0
C-2360,Pyme-C,121,99999.0,2026-01-13,2026-01-12,-3.0,0
C-2361,Pyme-C,183,1192.88,2026-01-04,2026-01-06,0.5,0
C-2362,Pyme-B,103,1321.25,2026-01-31,2026-02-02,0.1,0
C-2363,Pyme-C,147,1718.6,2026-01-06,2026-01-09,1.7,0
C-2364,Pyme-C,13,128.18,2026-01-16,2026-01-27,8.6,1
C-2365,Pyme-B,167,4052.58,2026-01-03,2026-01-05,1.0,0
C-2366,Pyme-C,157,4376.74,2026-01-12,2026-01-13,0.4,0
C-2367,Pyme-A,112,2631.11,2026-01-21,2026-01-25,1.8,0
C-2368,Pyme-B,113,2785.76,2026-01-14,2026-01-16,1.7,0
C-2369,Pyme-B,226,2153.38,2026-01-02,2026-01-04,0.8,0
C-2370,Pyme-A,185,2878.72,2026-01-10,2026-01-11,0.7,0
C-2371,Pyme-B,169,2466.31,2026-01-27,2026-01-31,1.1,0
C-2372,Pyme-C,196,1239.6,2026-01-13,2026-01-11,-3.0,0
C-2373,Pyme-C,133,3593.37,2026-01-17,2026-01-19,0.4,0
C-2374,Pyme-C,50,-83.3,2026-01-16,,,0
C-2375,Pyme-C,156,99999.0,2026-01-05,,,0
C-2376,Pyme-B,196,1978.56,2026-01-20,2026-01-23,0.8,0
C-2377,Pyme-B,191,2044.58,2026-01-18,2026-01-21,1.7,0
C-2378,Pyme-C,184,1909.23,2026-01-12,2026-01-15,1.6,0
C-2379,Pyme-C,68,4425.62,2026-01-26,2026-01-30,1.2,0
C-2380,Pyme-C,201,898.59,2026-01-31,2026-02-03,0.9,0
C-2381,Pyme-C,187,1641.91,2026-01-16,2026-01-17,0.1,0
C-2382,Pyme-C,201,3468.38,2026-01-13,2026-01-15,1.5,0
C-2383,Pyme-C,102,916.81,2026-01-04,2026-01-06,1.9,0
C-2384,Pyme-A,152,1960.66,2026-01-23,2026-01-22,-4.0,0
C-2385,Pyme-C,238,3062.47,2026-01-28,2026-01-31,0.9,0
C-2386,Pyme-C,55,3411.37,2026-01-18,2026-01-21,1.0,0
C-2387,Pyme-C,162,2744.27,2026-01-06,2026-01-08,0.6,0
C-2388,Pyme-C,127,2821.21,2026-01-28,2026-02-01,1.4,0
C-2389,Pyme-C,204,3773.51,2026-01-16,2026-01-17,0.5,0
C-2390,Pyme-A,111,99999.0,2026-01-10,,,0
C-2391,Pyme-B,220,1566.93,2026-01-11,2026-01-14,1.4,0
C-2392,Pyme-B,10,283.43,2026-01-09,2026-01-19,8.8,1
C-2393,Pyme-A,186,3303.5,2026-01-13,2026-01-15,0.8,0
C-2394,Pyme-A,114,955.65,2026-01-03,2026-01-06,1.9,0
C-2395,Pyme-B,207,1748.84,2026-01-07,2026-01-10,1.0,0
C-2396,Pyme-B,183,-111.57,2026-01-19,2026-01-18,-2.0,0
C-2397,Pyme-A,211,4149.18,2026-01-08,2026-01-09,0.5,0
C-2398,Pyme-A,145,2022.09,2026-01-22,2026-01-23,0.9,0
C-2399,Pyme-A,180,4418.27,2026-01-21,2026-01-23,0.3,0
C-2400,Pyme-B,206,1537.99,2026-01-11,2026-01-14,1.9,0
C-2401,Pyme-C,55,4159.37,2026-01-19,2026-01-20,0.2,0
C-2402,Pyme-C,229,3475.54,2026-01-30,2026-02-01,1.9,0
C-2403,Pyme-B,85,4255.51,2026-01-27,2026-01-29,0.1,0
C-2404,Pyme-B,87,4265.45,2026-01-30,2026-02-02,1.9,0
C-2405,Pyme-A,42,99999.0,2026-01-30,,,0
C-2406,Pyme-B,112,2481.09,2026-01-17,2026-01-20,1.3,0
C-2407,Pyme-A,169,2531.68,2026-01-04,2026-01-06,0.4,0
C-2408,Pyme-A,227,2497.98,2026-01-06,2026-01-05,-3.0,0
C-2409,Pyme-B,185,3295.28,2026-01-20,2026-01-23,0.4,0
C-2410,Pyme-B,149,2706.54,2026-01-22,2026-01-23,0.2,0
C-2411,Pyme-A,75,2566.58,2026-01-01,2026-01-04,1.9,0
C-2412,Pyme-B,100,2452.92,2026-01-11,2026-01-13,0.5,0
C-2413,Pyme-C,225,2919.65,2026-01-12,2026-01-15,0.5,0
C-2414,Pyme-A,55,3270.81,2026-01-06,2026-01-08,0.9,0
C-2415,Pyme-C,168,4215.49,2026-01-25,2026-01-28,1.8,0
C-2416,Pyme-C,70,3163.23,2026-01-12,2026-01-16,1.9,0
C-2417,Pyme-A,96,4342.23,2026-01-15,2026-01-18,1.0,0
C-2418,Pyme-C,135,-97.08,2026-01-18,,,0
C-2419,Pyme-C,95,3618.88,2026-01-20,2026-01-22,1.4,0
C-2420,Pyme-C,9,99999.0,2026-01-30,2026-01-27,-1.0,1
C-2421,Pyme-A,180,4140.69,2026-01-18,2026-01-19,0.4,0
C-2422,Pyme-A,123,3961.6,2026-01-22,2026-01-23,0.9,0
C-2423,Pyme-C,189,2608.66,2026-01-15,2026-01-17,1.8,0
C-2424,Pyme-B,73,2699.02,2026-01-02,2026-01-05,0.9,0
C-2425,Pyme-B,212,3785.59,2026-01-13,2026-01-16,1.4,0
C-2426,Pyme-A,230,1606.23,2026-01-14,2026-01-16,0.1,0
C-2427,Pyme-C,56,2802.3,2026-01-29,2026-01-30,0.1,0
C-2428,Pyme-B,48,1862.24,2026-01-05,2026-01-08,0.4,0
C-2429,Pyme-C,205,4366.0,2026-01-29,2026-01-31,0.7,0
C-2430,Pyme-B,136,2189.89,2026-01-22,2026-01-26,1.4,0
C-2431,Pyme-A,207,3983.06,2026-01-18,2026-01-20,0.2,0
C-2432,Pyme-C,72,3493.08,2026-01-01,2025-12-31,-3.0,0
C-2433,Pyme-B,212,3460.65,2026-01-13,2026-01-14,0.8,0
C-2434,Pyme-A,157,2080.79,2026-01-30,2026-02-02,0.6,0
C-2435,Pyme-A,48,99999.0,2026-01-25,,,0
C-2436,Pyme-A,101,1562.5,2026-01-02,2026-01-04,0.2,0
C-2437,Pyme-C,212,3402.16,2026-01-24,2026-01-25,0.1,0
C-2438,Pyme-B,152,1667.06,2026-01-28,2026-01-29,0.4,0
C-2439,Pyme-A,168,4475.89,2026-01-30,2026-02-02,0.5,0
C-2440,Pyme-C,121,-131.84,2026-01-08,,,0
C-2441,Pyme-B,76,4447.07,2026-01-14,2026-01-17,1.0,0
C-2442,Pyme-B,55,2859.86,2026-01-24,2026-01-26,1.2,0
C-2443,Pyme-C,213,2380.64,2026-01-12,2026-01-15,1.0,0
C-2444,Pyme-C,137,3707.48,2026-01-14,2026-01-12,-2.0,0
C-2445,Pyme-B,136,1480.35,2026-01-08,2026-01-10,1.1,0
C-2446,Pyme-B,221,1334.1,2026-01-02,2026-01-05,0.9,0
C-2447,Pyme-B,146,2861.96,2026-01-08,2026-01-10,0.3,0
C-2448,Pyme-A,7,211.68,2026-01-28,2026-02-08,9.5,1
C-2449,Pyme-A,177,3480.96,2026-01-09,2026-01-11,0.4,0
C-2450,Pyme-C,194,99999.0,2026-01-07,,,0
C-2451,Pyme-C,225,3284.37,2026-01-07,2026-01-09,0.4,0
C-2452,Pyme-B,43,1583.69,2026-01-24,2026-01-25,0.4,0
C-2453,Pyme-C,233,2572.01,2026-01-20,2026-01-23,0.5,0
C-2454,Pyme-A,141,4185.97,2026-01-25,2026-01-28,1.1,0
C-2455,Pyme-B,159,2774.51,2026-01-09,2026-01-11,0.7,0
C-2456,Pyme-C,167,2524.22,2026-01-24,2026-01-22,-3.0,0
C-2457,Pyme-A,134,1957.81,2026-01-28,2026-01-29,0.1,0
C-2458,Pyme-C,77,860.01,2026-01-19,2026-01-23,1.1,0
C-2459,Pyme-C,146,1892.21,2026-01-08,2026-01-10,0.4,0
C-2460,Pyme-C,102,2647.42,2026-01-22,2026-01-25,1.3,0
C-2461,Pyme-B,235,3839.89,2026-01-21,2026-01-25,1.9,0
C-2462,Pyme-B,157,-66.93,2026-01-24,,,0
C-2463,Pyme-C,165,1480.98,2026-01-21,2026-01-23,1.8,0
C-2464,Pyme-C,48,3904.55,2026-01-27,2026-01-30,0.1,0
C-2465,Pyme-A,235,99999.0,2026-01-21,,,0
C-2466,Pyme-A,57,3416.53,2026-01-17,2026-01-19,0.0,0
C-2467,Pyme-B,55,3085.99,2026-01-20,2026-01-23,1.3,0
C-2468,Pyme-C,164,858.21,2026-01-14,2026-01-13,-1.0,0
C-2469,Pyme-C,224,1816.54,2026-01-01,2026-01-05,2.0,0
C-2470,Pyme-C,212,2393.12,2026-01-06,2026-01-08,1.9,0
C-2471,Pyme-A,174,1350.92,2026-01-17,2026-01-19,0.4,0
C-2472,Pyme-B,108,3741.26,2026-01-31,2026-02-02,0.2,0
C-2473,Pyme-B,184,1699.87,2026-01-10,2026-01-14,1.4,0
C-2474,Pyme-A,207,4469.2,2026-01-02,2026-01-04,1.3,0
C-2475,Pyme-B,137,2195.53,2026-01-21,2026-01-22,1.0,0
C-2476,Pyme-C,4,70.67,2026-01-21,2026-02-01,9.1,1
C-2477,Pyme-C,64,4110.73,2026-01-08,2026-01-10,1.8,0
C-2478,Pyme-C,185,2559.35,2026-01-03,2026-01-06,0.1,0
C-2479,Pyme-B,179,2884.99,2026-01-30,2026-02-01,0.1,0
C-2480,Pyme-A,93,99999.0,2026-01-23,2026-01-21,-1.0,0
C-2481,Pyme-B,81,2886.65,2026-01-28,2026-01-31,1.1,0
C-2482,Pyme-C,178,2027.4,2026-01-05,2026-01-09,1.5,0
C-2483,Pyme-C,60,2652.93,2026-01-02,2026-01-04,1.9,0
C-2484,Pyme-B,99,-126.9,2026-01-31,,,0
C-2485,Pyme-C,141,4385.01,2026-01-21,2026-01-23,0.7,0
C-2486,Pyme-B,165,1644.11,2026-01-13,2026-01-16,1.1,0
C-2487,Pyme-A,214,2967.74,2026-01-25,2026-01-28,0.8,0
C-2488,Pyme-B,244,1711.86,2026-01-09,2026-01-10,0.1,0
C-2489,Pyme-B,222,3700.39,2026-01-13,2026-01-15,0.3,0
C-2490,Pyme-B,67,1138.63,2026-01-15,2026-01-18,1.9,0
C-2491,Pyme-B,66,1290.28,2026-01-15,2026-01-18,0.4,0
C-2492,Pyme-C,171,2309.76,2026-01-12,2026-01-09,-1.0,0
C-2493,Pyme-C,193,3702.42,2026-01-01,2026-01-04,1.7,0
C-2494,Pyme-B,139,3682.93,2026-01-18,2026-01-20,1.4,0
C-2495,Pyme-C,173,99999.0,2026-01-05,,,0
C-2496,Pyme-B,117,1793.11,2026-01-06,2026-01-08,0.3,0
C-2497,Pyme-B,147,1909.08,2026-01-12,2026-01-15,1.6,0
C-2498,Pyme-A,224,3112.62,2026-01-07,2026-01-10,1.2,0
C-2499,Pyme-A,74,1927.23,2026-01-11,2026-01-15,1.9,0
C-2500,Pyme-B,245,3990.13,2026-01-14,2026-01-17,0.9,0
C-2501,Pyme-C,74,1911.61,2026-01-23,2026-01-25,1.2,0
C-2502,Pyme-B,120,1457.26,2026-01-11,2026-01-13,0.8,0
C-2503,Pyme-C,217,3141.74,2026-01-26,2026-01-28,1.9,0
C-2504,Pyme-B,8,120.08,2026-01-12,2026-01-11,-2.0,1
C-2505,Pyme-C,179,1465.73,2026-01-01,2026-01-05,1.5,0
C-2506,Pyme-B,221,-133.13,2026-01-03,,,0
C-2507,Pyme-B,212,2647.42,2026-01-08,2026-01-11,1.3,0
C-2508,Pyme-C,79,3446.37,2026-01-03,2026-01-06,1.6,0
C-2509,Pyme-C,162,2954.3,2026-01-30,2026-02-03,1.1,0
C-2510,Pyme-B,179,99999.0,2026-01-23,,,0
C-2511,Pyme-C,192,3161.27,2026-01-25,2026-01-26,0.2,0
C-2512,Pyme-C,210,2113.53,2026-01-02,2026-01-06,1.3,0
C-2513,Pyme-C,213,3192.95,2026-01-11,2026-01-14,1.9,0
C-2514,Pyme-A,42,1164.84,2026-01-24,2026-01-27,0.4,0
C-2515,Pyme-C,188,3344.36,2026-01-12,2026-01-14,0.4,0
C-2516,Pyme-B,237,3314.36,2026-01-05,2026-01-03,-1.0,0
C-2517,Pyme-B,66,1893.1,2026-01-03,2026-01-05,1.8,0
C-2518,Pyme-C,76,2088.82,2026-01-26,2026-01-27,0.7,0
C-2519,Pyme-C,163,2088.71,2026-01-24,2026-01-27,0.2,0
C-2520,Pyme-B,121,1048.55,2026-01-23,2026-01-24,0.1,0
C-2521,Pyme-A,127,3197.49,2026-01-06,2026-01-10,1.4,0
C-2522,Pyme-A,172,1445.48,2026-01-18,2026-01-20,0.3,0
C-2523,Pyme-B,99,3751.7,2026-01-06,2026-01-10,1.3,0
C-2524,Pyme-C,150,2263.65,2026-01-29,2026-01-31,1.5,0
C-2525,Pyme-B,191,99999.0,2026-01-07,,,0
C-2526,Pyme-A,111,3583.6,2026-01-03,2026-01-07,1.6,0
C-2527,Pyme-A,244,4026.32,2026-01-11,2026-01-12,0.4,0
C-2528,Pyme-B,69,-102.77,2026-01-21,2026-01-19,-4.0,0
C-2529,Pyme-C,140,2971.92,2026-01-28,2026-01-30,0.7,0
C-2530,Pyme-C,84,3810.83,2026-01-10,2026-01-14,1.4,0
C-2531,Pyme-C,61,3286.81,2026-01-08,2026-01-10,0.6,0
C-2532,Pyme-A,4,143.33,2026-01-13,2026-01-19,4.8,1
C-2533,Pyme-C,75,2926.78,2026-01-16,2026-01-19,0.8,0
C-2534,Pyme-C,217,4200.9,2026-01-06,2026-01-10,1.9,0
C-2535,Pyme-A,165,1868.69,2026-01-27,2026-01-29,0.4,0
C-2536,Pyme-C,53,4002.43,2026-01-16,2026-01-18,1.9,0
C-2537,Pyme-A,248,2220.59,2026-01-21,2026-01-24,1.1,0
C-2538,Pyme-B,215,2619.39,2026-01-15,2026-01-18,1.4,0
C-2539,Pyme-A,61,2891.97,2026-01-08,2026-01-11,1.6,0
C-2540,Pyme-A,110,99999.0,2026-01-25,2026-01-23,-4.0,0
C-2541,Pyme-C,170,1218.88,2026-01-25,2026-01-28,0.2,0
C-2542,Pyme-B,178,3843.66,2026-01-24,2026-01-26,0.1,0
C-2543,Pyme-C,95,4462.17,2026-01-27,2026-01-30,0.2,0
C-2544,Pyme-A,116,4036.8,2026-01-09,2026-01-11,0.1,0
C-2545,Pyme-A,152,4001.57,2026-01-26,2026-01-27,0.2,0
C-2546,Pyme-A,247,3529.17,2026-01-28,2026-02-01,1.4,0
C-2547,Pyme-C,201,2384.22,2026-01-26,2026-01-28,1.2,0
C-2548,Pyme-A,246,1019.62,2026-01-09,2026-01-12,0.7,0
C-2549,Pyme-C,83,1997.52,2026-01-10,2026-01-14,1.4,0
C-2550,Pyme-B,171,-59.52,2026-01-31,,,0
C-2551,Pyme-B,55,4472.2,2026-01-05,2026-01-09,1.7,0
C-2552,Pyme-A,103,1341.1,2026-01-08,2026-01-05,-4.0,0
C-2553,Pyme-B,76,2936.47,2026-01-14,2026-01-16,0.5,0
C-2554,Pyme-B,59,3144.42,2026-01-03,2026-01-06,1.8,0
C-2555,Pyme-C,231,99999.0,2026-01-12,,,0
C-2556,Pyme-B,164,2010.97,2026-01-25,2026-01-28,0.0,0
C-2557,Pyme-A,227,4396.96,2026-01-23,2026-01-26,1.3,0
C-2558,Pyme-A,243,2777.37,2026-01-14,2026-01-15,0.4,0
C-2559,Pyme-B,108,1994.6,2026-01-18,2026-01-21,0.6,0
C-2560,Pyme-A,11,263.11,2026-01-29,2026-02-09,8.7,1
C-2561,Pyme-A,51,1168.43,2026-01-15,2026-01-17,1.6,0
C-2562,Pyme-A,80,2432.76,2026-01-31,2026-02-02,0.0,0
C-2563,Pyme-A,216,4164.81,2026-01-10,2026-01-12,1.8,0
C-2564,Pyme-B,63,3221.98,2026-01-12,2026-01-09,-2.0,0
C-2565,Pyme-A,141,3114.74,2026-01-25,2026-01-27,1.5,0
C-2566,Pyme-B,207,1137.44,2026-01-07,2026-01-09,0.2,0
C-2567,Pyme-A,73,2996.61,2026-01-15,2026-01-17,1.0,0
C-2568,Pyme-A,218,2071.22,2026-01-28,2026-01-30,0.2,0
C-2569,Pyme-C,73,2567.49,2026-01-03,2026-01-06,0.5,0
C-2570,Pyme-A,66,99999.0,2026-01-05,,,0
C-2571,Pyme-B,238,3809.46,2026-01-21,2026-01-25,1.7,0
C-2572,Pyme-A,57,-115.0,2026-01-15,,,0
C-2573,Pyme-B,224,1588.31,2026-01-30,2026-02-02,1.5,0
C-2574,Pyme-C,215,2436.82,2026-01-29,2026-01-30,0.4,0
C-2575,Pyme-A,232,1255.68,2026-01-12,2026-01-15,1.5,0
C-2576,Pyme-B,242,1317.37,2026-01-03,2026-01-02,-3.0,0
C-2577,Pyme-C,46,3937.2,2026-01-10,2026-01-12,1.3,0
C-2578,Pyme-C,195,2685.23,2026-01-10,2026-01-14,1.5,0
C-2579,Pyme-A,240,4122.28,2026-01-16,2026-01-19,1.9,0
C-2580,Pyme-A,101,2648.46,2026-01-17,2026-01-19,1.2,0
C-2581,Pyme-B,121,1288.34,2026-01-19,2026-01-22,1.7,0
C-2582,Pyme-B,179,3326.89,2026-01-31,2026-02-02,1.5,0
C-2583,Pyme-A,190,1049.87,2026-01-02,2026-01-03,0.5,0
C-2584,Pyme-B,169,1860.0,2026-01-25,2026-01-28,1.4,0
C-2585,Pyme-B,219,99999.0,2026-01-18,,,0
C-2586,Pyme-C,79,1826.63,2026-01-17,2026-01-18,0.6,0
C-2587,Pyme-A,177,2008.98,2026-01-25,2026-01-29,1.2,0
C-2588,Pyme-C,12,66.53,2026-01-24,2026-01-23,-1.0,1
C-2589,Pyme-A,62,4221.12,2026-01-20,2026-01-23,0.2,0
C-2590,Pyme-A,119,3264.49,2026-01-06,2026-01-08,1.3,0
C-2591,Pyme-A,221,1307.68,2026-01-16,2026-01-18,0.0,0
C-2592,Pyme-C,172,3697.05,2026-01-06,2026-01-09,1.4,0
C-2593,Pyme-A,231,3690.16,2026-01-29,2026-01-30,0.5,0
C-2594,Pyme-A,125,-56.39,2026-01-23,,,0
C-2595,Pyme-C,200,1085.16,2026-01-12,2026-01-13,0.9,0
C-2596,Pyme-B,185,1417.46,2026-01-25,2026-01-26,0.3,0
C-2597,Pyme-C,212,3474.28,2026-01-17,2026-01-18,0.5,0
C-2598,Pyme-A,43,1704.84,2026-01-13,2026-01-14,0.9,0
C-2599,Pyme-A,49,2845.6,2026-01-24,2026-01-28,1.8,0
C-2600,Pyme-B,97,99999.0,2026-01-24,2026-01-22,-3.0,0
C-2601,Pyme-A,186,2179.39,2026-01-29,2026-01-31,1.0,0
C-2602,Pyme-A,97,3776.05,2026-01-31,2026-02-03,2.0,0
C-2603,Pyme-A,159,4004.32,2026-01-10,2026-01-13,1.5,0
C-2604,Pyme-A,181,2489.96,2026-01-10,2026-01-13,0.7,0
C-2605,Pyme-B,229,3104.05,2026-01-19,2026-01-21,0.9,0
C-2606,Pyme-A,227,4131.64,2026-01-08,2026-01-10,1.5,0
C-2607,Pyme-A,144,888.47,2026-01-21,2026-01-25,1.1,0
C-2608,Pyme-A,125,805.41,2026-01-28,2026-02-01,1.3,0
C-2609,Pyme-C,118,1184.61,2026-01-08,2026-01-11,1.1,0
C-2610,Pyme-B,55,4398.47,2026-01-09,2026-01-10,0.3,0
C-2611,Pyme-A,99,4119.96,2026-01-23,2026-01-26,1.0,0
C-2612,Pyme-B,231,1114.14,2026-01-05,2026-01-02,-4.0,0
C-2613,Pyme-A,191,2900.94,2026-01-31,2026-02-01,0.9,0
C-2614,Pyme-A,114,1765.67,2026-01-26,2026-01-28,0.6,0
C-2615,Pyme-C,228,99999.0,2026-01-08,,,0
C-2616,Pyme-A,5,-60.9,2026-01-04,,,1
C-2617,Pyme-A,155,2524.4,2026-01-18,2026-01-20,0.8,0
C-2618,Pyme-A,155,1940.74,2026-01-04,2026-01-05,0.5,0
C-2619,Pyme-A,246,3338.4,2026-01-23,2026-01-27,1.7,0
C-2620,Pyme-A,95,3892.92,2026-01-03,2026-01-06,0.7,0
C-2621,Pyme-A,131,2266.1,2026-01-10,2026-01-12,0.1,0
C-2622,Pyme-A,47,4322.76,2026-01-18,2026-01-22,1.7,0
C-2623,Pyme-C,103,1150.48,2026-01-26,2026-01-27,0.2,0
C-2624,Pyme-A,43,1028.18,2026-01-08,2026-01-07,-2.0,0
C-2625,Pyme-B,135,3339.26,2026-01-03,2026-01-07,1.9,0
C-2626,Pyme-C,106,4194.49,2026-01-03,2026-01-04,0.1,0
C-2627,Pyme-C,153,3794.41,2026-01-28,2026-01-30,0.2,0
C-2628,Pyme-A,50,4286.44,2026-01-30,2026-02-02,0.1,0
C-2629,Pyme-B,250,3480.39,2026-01-13,2026-01-16,1.0,0
C-2630,Pyme-B,84,99999.0,2026-01-09,,,0
C-2631,Pyme-B,154,4068.67,2026-01-20,2026-01-23,0.1,0
C-2632,Pyme-A,205,1891.89,2026-01-18,2026-01-20,0.8,0
C-2633,Pyme-A,62,1835.17,2026-01-07,2026-01-10,0.3,0
C-2634,Pyme-C,103,3133.79,2026-01-26,2026-01-28,1.6,0
C-2635,Pyme-B,240,3439.47,2026-01-26,2026-01-28,1.0,0
C-2636,Pyme-B,184,2658.86,2026-01-06,2026-01-05,-3.0,0
C-2637,Pyme-C,96,908.42,2026-01-09,2026-01-11,1.6,0
C-2638,Pyme-B,175,-73.28,2026-01-06,,,0
C-2639,Pyme-A,103,3230.4,2026-01-27,2026-01-30,0.5,0
C-2640,Pyme-A,235,4486.65,2026-01-28,2026-01-30,0.4,0
C-2641,Pyme-B,84,1451.57,2026-01-26,2026-01-30,1.2,0
C-2642,Pyme-C,131,4181.73,2026-01-23,2026-01-25,0.1,0
C-2643,Pyme-C,184,1325.78,2026-01-27,2026-01-30,1.9,0
C-2644,Pyme-C,6,93.89,2026-01-02,2026-01-07,4.2,1
C-2645,Pyme-C,96,99999.0,2026-01-11,,,0
C-2646,Pyme-C,91,3783.85,2026-01-06,2026-01-08,0.7,0
C-2647,Pyme-A,45,1346.53,2026-01-05,2026-01-07,1.4,0
C-2648,Pyme-C,133,4354.07,2026-01-31,2026-01-28,-4.0,0
C-2649,Pyme-C,65,2045.28,2026-01-06,2026-01-09,0.6,0
C-2650,Pyme-B,242,3165.28,2026-01-11,2026-01-12,1.0,0
C-2651,Pyme-C,183,3366.17,2026-01-26,2026-01-29,1.9,0
C-2652,Pyme-A,210,2979.12,2026-01-10,2026-01-13,0.4,0
C-2653,Pyme-C,115,1271.19,2026-01-31,2026-02-04,1.5,0
C-2654,Pyme-C,140,3947.8,2026-01-19,2026-01-21,1.5,0
C-2655,Pyme-A,194,1977.4,2026-01-20,2026-01-22,1.6,0
C-2656,Pyme-C,184,1185.21,2026-01-11,2026-01-14,1.0,0
C-2657,Pyme-A,100,2083.2,2026-01-21,2026-01-22,0.6,0
C-2658,Pyme-C,211,3164.68,2026-01-15,2026-01-17,1.8,0
C-2659,Pyme-B,93,1723.3,2026-01-09,2026-01-10,0.1,0
C-2660,Pyme-C,40,99999.0,2026-01-14,2026-01-13,-4.0,0
C-2661,Pyme-B,136,2099.56,2026-01-27,2026-01-29,0.8,0
C-2662,Pyme-C,206,3605.5,2026-01-15,2026-01-16,0.5,0
C-2663,Pyme-A,115,874.29,2026-01-04,2026-01-05,0.5,0
C-2664,Pyme-B,83,4085.35,2026-01-03,2026-01-06,0.3,0
C-2665,Pyme-A,126,2997.91,2026-01-16,2026-01-20,1.2,0
C-2666,Pyme-A,150,4287.04,2026-01-29,2026-01-31,0.3,0
C-2667,Pyme-A,53,1174.65,2026-01-07,2026-01-09,0.4,0
C-2668,Pyme-C,181,3471.54,2026-01-09,2026-01-13,1.5,0
C-2669,Pyme-B,116,1678.93,2026-01-19,2026-01-22,0.1,0
C-2670,Pyme-B,79,1001.67,2026-01-03,2026-01-05,0.0,0
C-2671,Pyme-C,200,3020.8,2026-01-01,2026-01-02,0.4,0
C-2672,Pyme-A,12,122.95,2026-01-28,2026-01-27,-3.0,1
C-2673,Pyme-B,160,2609.66,2026-01-03,2026-01-07,1.3,0
C-2674,Pyme-C,139,1484.06,2026-01-12,2026-01-14,1.8,0
C-2675,Pyme-B,51,99999.0,2026-01-08,,,0
C-2676,Pyme-B,184,1028.07,2026-01-22,2026-01-24,1.5,0
C-2677,Pyme-A,211,2072.03,2026-01-25,2026-01-29,1.1,0
C-2678,Pyme-A,181,1025.64,2026-01-17,2026-01-19,0.8,0
C-2679,Pyme-C,215,4007.51,2026-01-29,2026-01-30,0.9,0
C-2680,Pyme-B,116,1092.13,2026-01-23,2026-01-25,1.8,0
C-2681,Pyme-C,186,4131.68,2026-01-22,2026-01-26,1.6,0
C-2682,Pyme-A,70,-144.91,2026-01-06,,,0
C-2683,Pyme-A,246,1513.09,2026-01-03,2026-01-06,0.1,0
C-2684,Pyme-B,91,4489.9,2026-01-27,2026-01-24,-3.0,0
C-2685,Pyme-B,226,4182.44,2026-01-13,2026-01-16,0.1,0
C-2686,Pyme-B,181,2006.67,2026-01-15,2026-01-16,0.6,0
C-2687,Pyme-C,199,2974.03,2026-01-04,2026-01-07,1.6,0
C-2688,Pyme-A,77,2896.4,2026-01-31,2026-02-02,1.2,0
C-2689,Pyme-A,184,3684.32,2026-01-28,2026-02-01,1.6,0
C-2690,Pyme-B,145,99999.0,2026-01-19,,,0
C-2691,Pyme-C,161,938.62,2026-01-05,2026-01-08,0.6,0
C-2692,Pyme-C,214,3366.55,2026-01-29,2026-01-31,0.1,0
C-2693,Pyme-C,100,982.38,2026-01-09,2026-01-11,1.0,0
C-2694,Pyme-A,126,3824.33,2026-01-09,2026-01-11,0.6,0
C-2695,Pyme-C,215,1163.4,2026-01-05,2026-01-08,1.7,0
C-2696,Pyme-C,153,3663.91,2026-01-24,2026-01-22,-1.0,0
C-2697,Pyme-A,153,1582.14,2026-01-24,2026-01-27,1.6,0
C-2698,Pyme-C,135,3837.76,2026-01-06,2026-01-08,1.0,0
C-2699,Pyme-B,221,2675.14,2026-01-28,2026-01-31,0.3,0
C-2700,Pyme-C,2,93.43,2026-01-07,2026-01-17,9.3,1
C-2701,Pyme-A,48,2488.86,2026-01-23,2026-01-25,1.8,0
C-2702,Pyme-B,134,3846.97,2026-01-21,2026-01-23,1.0,0
C-2703,Pyme-C,47,1695.17,2026-01-15,2026-01-16,1.0,0
C-2704,Pyme-B,190,-133.77,2026-01-09,,,0
C-2705,Pyme-C,216,99999.0,2026-01-02,,,0
C-2706,Pyme-A,186,3685.37,2026-01-08,2026-01-11,0.4,0
C-2707,Pyme-A,213,1564.9,2026-01-17,2026-01-19,1.3,0
C-2708,Pyme-C,42,2554.16,2026-01-06,2026-01-03,-1.0,0
C-2709,Pyme-A,104,3050.87,2026-01-23,2026-01-27,1.9,0
C-2710,Pyme-C,110,2368.09,2026-01-12,2026-01-14,0.8,0
C-2711,Pyme-B,95,2526.78,2026-01-27,2026-01-31,1.4,0
C-2712,Pyme-B,189,1178.55,2026-01-22,2026-01-25,1.0,0
C-2713,Pyme-C,205,2996.96,2026-01-22,2026-01-23,0.6,0
C-2714,Pyme-B,56,2044.25,2026-01-11,2026-01-13,0.6,0
C-2715,Pyme-B,207,3431.05,2026-01-10,2026-01-12,1.8,0
C-2716,Pyme-A,172,3632.26,2026-01-26,2026-01-30,1.8,0
C-2717,Pyme-B,209,1982.47,2026-01-01,2026-01-04,0.3,0
C-2718,Pyme-B,115,1759.88,2026-01-13,2026-01-16,0.8,0
C-2719,Pyme-A,189,3419.86,2026-01-07,2026-01-10,1.1,0
C-2720,Pyme-C,222,99999.0,2026-01-26,2026-01-24,-3.0,0
C-2721,Pyme-C,116,3928.05,2026-01-29,2026-02-02,1.7,0
C-2722,Pyme-A,115,1161.13,2026-01-09,2026-01-12,0.3,0
C-2723,Pyme-C,235,4176.71,2026-01-29,2026-02-01,1.9,0
C-2724,Pyme-C,62,1622.34,2026-01-28,2026-01-30,0.4,0
C-2725,Pyme-B,241,4081.32,2026-01-19,2026-01-21,0.7,0
C-2726,Pyme-B,70,-108.36,2026-01-31,,,0
C-2727,Pyme-C,58,2547.21,2026-01-04,2026-01-07,0.4,0
C-2728,Pyme-B,10,124.59,2026-01-28,2026-02-02,4.3,1
C-2729,Pyme-A,91,2067.88,2026-01-29,2026-02-01,2.0,0
C-2730,Pyme-A,120,3990.86,2026-01-03,2026-01-05,0.4,0
C-2731,Pyme-B,201,4450.57,2026-01-02,2026-01-03,0.6,0
C-2732,Pyme-B,110,1574.71,2026-01-19,2026-01-18,-4.0,0
C-2733,Pyme-A,73,3073.58,2026-01-13,2026-01-16,1.3,0
C-2734,Pyme-B,138,817.28,2026-01-24,2026-01-27,1.1,0
C-2735,Pyme-A,122,99999.0,2026-01-01,,,0
C-2736,Pyme-C,41,3118.74,2026-01-23,2026-01-25,0.5,0
C-2737,Pyme-B,73,1180.02,2026-01-10,2026-01-12,1.0,0
C-2738,Pyme-A,250,969.16,2026-01-15,2026-01-19,1.9,0
C-2739,Pyme-C,192,2739.24,2026-01-22,2026-01-23,0.9,0
C-2740,Pyme-B,165,2129.23,2026-01-31,2026-02-02,0.4,0
C-2741,Pyme-A,98,1629.99,2026-01-07,2026-01-11,2.0,0
C-2742,Pyme-A,190,2667.14,2026-01-23,2026-01-26,0.2,0
C-2743,Pyme-A,136,4043.21,2026-01-18,2026-01-21,0.5,0
C-2744,Pyme-A,192,4480.32,2026-01-21,2026-01-20,-1.0,0
C-2745,Pyme-C,69,2342.07,2026-01-18,2026-01-20,0.8,0
C-2746,Pyme-B,219,1366.57,2026-01-21,2026-01-23,1.4,0
C-2747,Pyme-B,147,3248.16,2026-01-09,2026-01-13,1.3,0
C-2748,Pyme-C,219,-60.49,2026-01-24,,,0
C-2749,Pyme-C,70,1846.02,2026-01-16,2026-01-18,1.6,0
C-2750,Pyme-C,91,99999.0,2026-01-07,,,0
C-2751,Pyme-B,220,2316.1,2026-01-18,2026-01-20,0.3,0
C-2752,Pyme-A,216,4252.56,2026-01-01,2026-01-02,0.7,0
C-2753,Pyme-C,62,4155.46,2026-01-22,2026-01-25,1.7,0
C-2754,Pyme-A,63,3684.25,2026-01-24,2026-01-25,0.2,0
C-2755,Pyme-B,204,1655.29,2026-01-10,2026-01-13,2.0,0
C-2756,Pyme-B,2,74.95,2026-01-02,2025-12-31,-3.0,1
C-2757,Pyme-C,120,2376.18,2026-01-28,2026-01-29,0.2,0
C-2758,Pyme-A,75,3254.41,2026-01-12,2026-01-14,0.3,0
C-2759,Pyme-C,108,4050.36,2026-01-27,2026-01-29,0.2,0
C-2760,Pyme-A,69,2282.88,2026-01-09,2026-01-12,1.9,0
C-2761,Pyme-C,162,3759.63,2026-01-26,2026-01-28,1.3,0
C-2762,Pyme-A,73,3375.83,2026-01-31,2026-02-01,0.1,0
C-2763,Pyme-A,146,4171.54,2026-01-19,2026-01-22,1.0,0
C-2764,Pyme-B,86,3061.9,2026-01-20,2026-01-22,1.6,0
C-2765,Pyme-C,226,99999.0,2026-01-30,,,0
C-2766,Pyme-B,68,4084.1,2026-01-03,2026-01-05,0.9,0
C-2767,Pyme-C,120,845.73,2026-01-17,2026-01-21,1.7,0
C-2768,Pyme-C,225,2890.55,2026-01-22,2026-01-20,-1.0,0
C-2769,Pyme-B,209,3488.61,2026-01-22,2026-01-25,1.0,0
C-2770,Pyme-C,138,-139.21,2026-01-20,,,0
C-2771,Pyme-A,42,3180.58,2026-01-28,2026-01-30,0.3,0
C-2772,Pyme-B,82,1077.0,2026-01-08,2026-01-10,1.0,0
C-2773,Pyme-B,52,2675.64,2026-01-13,2026-01-16,1.1,0
C-2774,Pyme-A,60,2498.65,2026-01-15,2026-01-17,1.6,0
C-2775,Pyme-B,154,1969.43,2026-01-24,2026-01-28,2.0,0
C-2776,Pyme-A,66,2292.73,2026-01-18,2026-01-19,0.1,0
C-2777,Pyme-A,242,3035.55,2026-01-10,2026-01-14,1.2,0
C-2778,Pyme-C,92,3222.01,2026-01-11,2026-01-13,0.9,0
C-2779,Pyme-A,249,1624.8,2026-01-18,2026-01-21,0.9,0
C-2780,Pyme-C,161,99999.0,2026-01-15,2026-01-14,-1.0,0
C-2781,Pyme-C,96,808.13,2026-01-21,2026-01-23,0.7,0
C-2782,Pyme-C,173,2183.39,2026-01-29,2026-01-30,0.2,0
C-2783,Pyme-B,75,3840.8,2026-01-14,2026-01-16,1.5,0
C-2784,Pyme-B,11,98.98,2026-01-28,2026-02-03,4.7,1
C-2785,Pyme-A,157,3850.85,2026-01-11,2026-01-12,0.4,0
C-2786,Pyme-B,51,4228.52,2026-01-19,2026-01-21,1.7,0
C-2787,Pyme-B,157,3236.29,2026-01-05,2026-01-08,1.9,0
C-2788,Pyme-A,175,3523.99,2026-01-14,2026-01-18,1.1,0
C-2789,Pyme-B,170,3690.0,2026-01-23,2026-01-27,1.8,0
C-2790,Pyme-A,227,3816.4,2026-01-22,2026-01-25,0.2,0
C-2791,Pyme-C,122,2665.21,2026-01-20,2026-01-23,0.8,0
C-2792,Pyme-A,110,-79.42,2026-01-26,2026-01-25,-2.0,0
C-2793,Pyme-B,194,3390.05,2026-01-10,2026-01-14,1.5,0
C-2794,Pyme-C,120,3433.94,2026-01-21,2026-01-23,1.9,0
C-2795,Pyme-A,93,99999.0,2026-01-12,,,0
C-2796,Pyme-C,73,4430.94,2026-01-31,2026-02-02,1.3,0
C-2797,Pyme-C,178,3368.95,2026-01-04,2026-01-06,0.6,0
C-2798,Pyme-C,162,2956.38,2026-01-23,2026-01-26,1.9,0
C-2799,Pyme-C,231,4107.3,2026-01-29,2026-02-01,1.1,0
C-2800,Pyme-A,173,1193.94,2026-01-02,2026-01-05,0.8,0
C-2801,Pyme-A,91,1787.82,2026-01-10,2026-01-14,1.6,0
C-2802,Pyme-B,77,3905.71,2026-01-10,2026-01-12,1.4,0
C-2803,Pyme-C,48,2127.13,2026-01-20,2026-01-23,0.9,0
C-2804,Pyme-C,183,3999.91,2026-01-18,2026-01-16,-2.0,0
C-2805,Pyme-C,240,3748.28,2026-01-23,2026-01-27,1.4,0
C-2806,Pyme-A,137,2233.95,2026-01-22,2026-01-25,1.9,0
C-2807,Pyme-C,53,847.97,2026-01-20,2026-01-22,0.5,0
C-2808,Pyme-A,202,3407.13,2026-01-25,2026-01-29,1.3,0
C-2809,Pyme-C,229,3032.53,2026-01-31,2026-02-02,1.6,0
C-2810,Pyme-B,154,99999.0,2026-01-06,,,0
C-2811,Pyme-A,228,2701.23,2026-01-14,2026-01-16,0.8,0
C-2812,Pyme-C,6,82.52,2026-01-09,2026-01-17,7.5,1
C-2813,Pyme-B,159,3425.85,2026-01-05,2026-01-07,0.3,0
C-2814,Pyme-C,53,-134.31,2026-01-10,,,0
C-2815,Pyme-B,242,2918.9,2026-01-26,2026-01-29,0.7,0
C-2816,Pyme-B,174,1613.86,2026-01-03,2025-12-31,-2.0,0
C-2817,Pyme-B,179,2787.03,2026-01-08,2026-01-09,0.2,0
C-2818,Pyme-C,124,2024.95,2026-01-31,2026-02-03,0.6,0
C-2819,Pyme-C,161,4487.54,2026-01-21,2026-01-23,1.6,0
C-2820,Pyme-A,211,2080.23,2026-01-21,2026-01-24,0.5,0
C-2821,Pyme-C,102,4347.92,2026-01-11,2026-01-14,1.4,0
C-2822,Pyme-A,138,1749.39,2026-01-01,2026-01-05,1.4,0
C-2823,Pyme-B,171,3770.42,2026-01-02,2026-01-04,0.9,0
C-2824,Pyme-C,89,1985.16,2026-01-04,2026-01-05,0.2,0
C-2825,Pyme-C,176,99999.0,2026-01-22,,,0
C-2826,Pyme-C,238,1588.75,2026-01-27,2026-01-29,1.4,0
C-2827,Pyme-A,177,3866.37,2026-01-24,2026-01-27,1.8,0
C-2828,Pyme-C,249,4277.08,2026-01-05,2026-01-04,-4.0,0
C-2829,Pyme-C,124,940.18,2026-01-06,2026-01-08,0.1,0
C-2830,Pyme-C,58,2927.36,2026-01-09,2026-01-11,0.5,0
C-2831,Pyme-B,155,3131.8,2026-01-01,2026-01-03,0.9,0
C-2832,Pyme-C,70,2778.89,2026-01-20,2026-01-22,1.3,0
C-2833,Pyme-C,189,968.41,2026-01-12,2026-01-16,1.7,0
C-2834,Pyme-A,114,3711.5,2026-01-03,2026-01-05,0.6,0
C-2835,Pyme-B,137,2261.92,2026-01-16,2026-01-18,1.3,0
C-2836,Pyme-C,96,-129.75,2026-01-18,,,0
C-2837,Pyme-B,202,1333.08,2026-01-30,2026-02-03,1.4,0
C-2838,Pyme-C,135,4342.35,2026-01-28,2026-01-31,0.0,0
C-2839,Pyme-A,71,954.56,2026-01-13,2026-01-17,1.1,0
C-2840,Pyme-C,3,99999.0,2026-01-29,2026-01-26,-3.0,1
C-2841,Pyme-A,145,4150.82,2026-01-05,2026-01-07,1.7,0
C-2842,Pyme-A,96,3082.47,2026-01-04,2026-01-05,0.5,0
C-2843,Pyme-C,244,2898.98,2026-01-25,2026-01-28,0.1,0
C-2844,Pyme-B,205,2833.76,2026-01-03,2026-01-05,0.6,0
C-2845,Pyme-A,90,3484.68,2026-01-11,2026-01-13,1.0,0
C-2846,Pyme-A,211,3225.25,2026-01-20,2026-01-21,0.2,0
C-2847,Pyme-A,121,2597.69,2026-01-22,2026-01-24,0.7,0
C-2848,Pyme-C,189,1363.86,2026-01-26,2026-01-29,1.1,0
C-2849,Pyme-B,83,817.88,2026-01-08,2026-01-11,0.5,0
C-2850,Pyme-C,204,2413.66,2026-01-05,2026-01-09,1.7,0
C-2851,Pyme-C,124,4048.18,2026-01-12,2026-01-14,0.9,0
C-2852,Pyme-B,181,1202.68,2026-01-03,2026-01-01,-2.0,0
C-2853,Pyme-C,90,1773.97,2026-01-03,2026-01-07,1.8,0
C-2854,Pyme-A,44,3943.47,2026-01-27,2026-01-31,1.3,0
C-2855,Pyme-C,143,99999.0,2026-01-02,,,0
C-2856,Pyme-C,106,2810.84,2026-01-16,2026-01-20,2.0,0
C-2857,Pyme-A,133,2252.24,2026-01-19,2026-01-23,1.8,0
C-2858,Pyme-B,74,-89.68,2026-01-17,,,0
C-2859,Pyme-A,209,1683.86,2026-01-20,2026-01-24,1.9,0
C-2860,Pyme-A,233,2702.31,2026-01-06,2026-01-09,0.9,0
C-2861,Pyme-C,208,4027.12,2026-01-24,2026-01-26,0.3,0
C-2862,Pyme-B,50,1609.63,2026-01-03,2026-01-05,1.0,0
C-2863,Pyme-B,99,958.39,2026-01-30,2026-02-01,0.4,0
C-2864,Pyme-B,160,4196.24,2026-01-02,2025-12-30,-3.0,0
C-2865,Pyme-A,220,4383.23,2026-01-09,2026-01-13,1.3,0
C-2866,Pyme-B,188,2814.1,2026-01-21,2026-01-23,0.3,0
C-2867,Pyme-B,190,3217.35,2026-01-17,2026-01-20,1.7,0
C-2868,Pyme-B,5,179.09,2026-01-28,2026-02-05,6.1,1
C-2869,Pyme-B,242,2583.81,2026-01-17,2026-01-19,1.2,0
C-2870,Pyme-B,82,99999.0,2026-01-09,,,0
C-2871,Pyme-A,78,1491.55,2026-01-23,2026-01-24,0.7,0
C-2872,Pyme-C,98,2334.07,2026-01-04,2026-01-06,0.7,0
C-2873,Pyme-C,162,2572.38,2026-01-21,2026-01-24,1.2,0
C-2874,Pyme-A,102,959.63,2026-01-06,2026-01-08,1.1,0
C-2875,Pyme-C,171,945.01,2026-01-02,2026-01-04,1.1,0
C-2876,Pyme-B,86,2711.57,2026-01-19,2026-01-16,-1.0,0
C-2877,Pyme-C,226,3248.46,2026-01-03,2026-01-04,0.6,0
C-2878,Pyme-B,195,4473.27,2026-01-06,2026-01-08,1.7,0
C-2879,Pyme-B,193,1328.03,2026-01-25,2026-01-27,1.2,0
C-2880,Pyme-C,208,-118.56,2026-01-30,,,0
C-2881,Pyme-B,192,2985.21,2026-01-13,2026-01-14,0.5,0
C-2882,Pyme-A,44,1548.69,2026-01-17,2026-01-21,1.7,0
C-2883,Pyme-B,78,3040.39,2026-01-29,2026-02-01,0.4,0
C-2884,Pyme-C,49,4047.68,2026-01-25,2026-01-27,1.1,0
C-2885,Pyme-A,163,99999.0,2026-01-18,,,0
C-2886,Pyme-A,238,3310.67,2026-01-14,2026-01-16,0.9,0
C-2887,Pyme-A,218,2760.32,2026-01-26,2026-01-28,0.5,0
C-2888,Pyme-B,129,2979.48,2026-01-25,2026-01-22,-1.0,0
C-2889,Pyme-B,74,1741.72,2026-01-30,2026-02-01,1.5,0
C-2890,Pyme-B,193,4044.04,2026-01-07,2026-01-08,0.8,0
C-2891,Pyme-C,230,3720.86,2026-01-04,2026-01-08,1.2,0
C-2892,Pyme-A,136,3221.82,2026-01-11,2026-01-14,1.4,0
C-2893,Pyme-B,67,1372.68,2026-01-09,2026-01-12,1.3,0
C-2894,Pyme-C,148,2889.28,2026-01-22,2026-01-25,1.2,0
C-2895,Pyme-A,145,2842.79,2026-01-06,2026-01-09,1.1,0
C-2896,Pyme-C,10,170.94,2026-01-19,2026-01-30,9.9,1
C-2897,Pyme-C,141,3522.39,2026-01-22,2026-01-24,1.7,0
C-2898,Pyme-C,98,2452.4,2026-01-06,2026-01-08,1.4,0
C-2899,Pyme-A,170,2282.08,2026-01-18,2026-01-21,0.7,0
C-2900,Pyme-C,215,99999.0,2026-01-31,2026-01-28,-1.0,0
C-2901,Pyme-A,250,1337.72,2026-01-14,2026-01-16,1.9,0
C-2902,Pyme-A,107,-53.78,2026-01-13,,,0
C-2903,Pyme-B,197,3227.85,2026-01-31,2026-02-03,0.6,0
C-2904,Pyme-A,238,3834.85,2026-01-15,2026-01-17,1.3,0
C-2905,Pyme-A,208,4243.81,2026-01-07,2026-01-09,1.0,0
C-2906,Pyme-C,170,2708.51,2026-01-06,2026-01-09,0.5,0
C-2907,Pyme-A,132,1685.25,2026-01-06,2026-01-07,0.0,0
C-2908,Pyme-B,239,2277.9,2026-01-13,2026-01-17,1.3,0
C-2909,Pyme-A,172,856.86,2026-01-30,2026-02-01,1.4,0
C-2910,Pyme-C,112,3486.71,2026-01-19,2026-01-22,1.1,0
C-2911,Pyme-B,248,1823.08,2026-01-07,2026-01-10,1.2,0
C-2912,Pyme-B,187,817.21,2026-01-17,2026-01-16,-1.0,0
C-2913,Pyme-C,115,2057.87,2026-01-17,2026-01-19,0.2,0
C-2914,Pyme-C,248,3735.54,2026-01-15,2026-01-17,0.5,0
C-2915,Pyme-C,163,99999.0,2026-01-31,,,0
C-2916,Pyme-B,214,2504.67,2026-01-01,2026-01-04,1.2,0
C-2917,Pyme-A,106,1049.95,2026-01-08,2026-01-12,1.3,0
C-2918,Pyme-C,98,3760.6,2026-01-12,2026-01-15,0.8,0
C-2919,Pyme-C,42,3393.03,2026-01-10,2026-01-11,0.5,0
C-2920,Pyme-B,212,3570.52,2026-01-18,2026-01-19,0.7,0
C-2921,Pyme-B,120,2108.09,2026-01-09,2026-01-11,1.8,0
C-2922,Pyme-C,214,4241.94,2026-01-24,2026-01-25,0.4,0
C-2923,Pyme-A,228,1695.61,2026-01-08,2026-01-09,0.5,0
C-2924,Pyme-A,15,-60.67,2026-01-30,2026-01-29,-4.0,1
C-2925,Pyme-C,41,3627.7,2026-01-02,2026-01-05,1.1,0
C-2926,Pyme-B,198,1967.04,2026-01-29,2026-02-02,1.8,0
C-2927,Pyme-B,165,1476.63,2026-01-17,2026-01-20,1.5,0
C-2928,Pyme-B,96,3575.63,2026-01-17,2026-01-19,0.3,0
C-2929,Pyme-B,178,920.48,2026-01-28,2026-01-31,0.7,0
C-2930,Pyme-A,157,99999.0,2026-01-15,,,0
C-2931,Pyme-B,216,831.15,2026-01-13,2026-01-17,1.3,0
C-2932,Pyme-A,123,2137.93,2026-01-06,2026-01-10,1.7,0
C-2933,Pyme-B,100,1796.81,2026-01-11,2026-01-14,1.9,0
C-2934,Pyme-A,167,2368.59,2026-01-25,2026-01-27,0.8,0
C-2935,Pyme-B,142,1834.63,2026-01-05,2026-01-08,0.4,0
C-2936,Pyme-C,98,3812.51,2026-01-26,2026-01-25,-4.0,0
C-2937,Pyme-B,90,1339.62,2026-01-05,2026-01-08,1.9,0
C-2938,Pyme-A,85,2359.63,2026-01-29,2026-02-01,0.3,0
C-2939,Pyme-C,176,3466.07,2026-01-10,2026-01-13,1.6,0
C-2940,Pyme-C,185,976.52,2026-01-06,2026-01-07,0.2,0
C-2941,Pyme-A,248,1740.87,2026-01-04,2026-01-07,1.7,0
C-2942,Pyme-C,125,1761.15,2026-01-18,2026-01-20,0.7,0
C-2943,Pyme-B,45,2323.52,2026-01-22,2026-01-25,0.7,0
C-2944,Pyme-A,187,2930.81,2026-01-06,2026-01-09,1.3,0
C-2945,Pyme-B,123,99999.0,2026-01-24,,,0
C-2946,Pyme-B,60,-113.17,2026-01-05,,,0
C-2947,Pyme-A,203,3788.55,2026-01-21,2026-01-24,0.7,0
C-2948,Pyme-C,143,3940.93,2026-01-06,2026-01-04,-2.0,0
C-2949,Pyme-B,121,3216.15,2026-01-20,2026-01-24,1.4,0
C-2950,Pyme-B,109,4084.46,2026-01-31,2026-02-03,1.6,0
C-2951,Pyme-C,190,2727.46,2026-01-06,2026-01-07,0.9,0
C-2952,Pyme-A,4,231.94,2026-01-31,2026-02-10,8.0,1
C-2953,Pyme-C,231,1096.24,2026-01-04,2026-01-05,0.3,0
C-2954,Pyme-A,161,2829.2,2026-01-13,2026-01-16,0.1,0
C-2955,Pyme-A,66,1771.07,2026-01-21,2026-01-23,0.3,0
C-2956,Pyme-B,98,1715.37,2026-01-21,2026-01-22,0.6,0
C-2957,Pyme-A,174,3902.52,2026-01-22,2026-01-24,0.1,0
C-2958,Pyme-B,161,2528.62,2026-01-30,2026-02-02,1.7,0
C-2959,Pyme-C,153,1299.93,2026-01-18,2026-01-20,1.9,0
C-2960,Pyme-C,192,99999.0,2026-01-29,2026-01-26,-4.0,0
C-2961,Pyme-C,203,3166.25,2026-01-12,2026-01-14,0.6,0
C-2962,Pyme-C,98,3777.42,2026-01-12,2026-01-14,0.9,0
C-2963,Pyme-B,79,1923.22,2026-01-27,2026-01-28,0.0,0
C-2964,Pyme-B,113,2536.03,2026-01-30,2026-02-01,0.0,0
C-2965,Pyme-B,116,833.79,2026-01-10,2026-01-13,0.9,0
C-2966,Pyme-A,243,826.71,2026-01-14,2026-01-17,0.7,0
C-2967,Pyme-B,141,1724.62,2026-01-21,2026-01-24,1.4,0
C-2968,Pyme-B,96,-73.96,2026-01-25,,,0
C-2969,Pyme-C,246,3367.52,2026-01-21,2026-01-24,0.5,0
C-2970,Pyme-C,247,1794.64,2026-01-03,2026-01-04,0.4,0
C-2971,Pyme-A,114,1208.32,2026-01-15,2026-01-17,0.9,0
C-2972,Pyme-C,199,2620.39,2026-01-05,2026-01-04,-1.0,0
C-2973,Pyme-A,66,1843.82,2026-01-15,2026-01-18,0.3,0
C-2974,Pyme-A,99,1133.73,2026-01-07,2026-01-09,0.0,0
C-2975,Pyme-B,119,99999.0,2026-01-12,,,0
C-2976,Pyme-B,218,3728.27,2026-01-27,2026-01-28,0.7,0
C-2977,Pyme-A,108,3669.92,2026-01-16,2026-01-17,0.1,0
C-2978,Pyme-A,104,3823.83,2026-01-04,2026-01-08,1.7,0
C-2979,Pyme-A,138,3653.53,2026-01-24,2026-01-25,0.9,0
C-2980,Pyme-A,9,233.83,2026-01-22,2026-01-27,4.6,1
C-2981,Pyme-B,139,3321.34,2026-01-11,2026-01-12,0.6,0
C-2982,Pyme-C,226,956.09,2026-01-17,2026-01-19,1.9,0
C-2983,Pyme-B,163,3162.52,2026-01-29,2026-01-30,0.4,0
C-2984,Pyme-C,95,4401.11,2026-01-14,2026-01-12,-1.0,0
C-2985,Pyme-A,243,1821.57,2026-01-26,2026-01-27,0.2,0
C-2986,Pyme-A,50,2949.98,2026-01-23,2026-01-27,1.4,0
C-2987,Pyme-A,135,3651.95,2026-01-16,2026-01-17,0.5,0
C-2988,Pyme-C,198,2052.16,2026-01-25,2026-01-29,1.9,0
C-2989,Pyme-A,55,2115.42,2026-01-18,2026-01-19,0.3,0
C-2990,Pyme-A,164,99999.0,2026-01-26,,,0
C-2991,Pyme-C,233,2085.08,2026-01-24,2026-01-26,1.8,0
C-2992,Pyme-A,216,2197.75,2026-01-09,2026-01-11,1.4,0
C-2993,Pyme-B,220,2418.75,2026-01-23,2026-01-25,0.6,0
C-2994,Pyme-A,185,1490.52,2026-01-24,2026-01-26,0.7,0
C-2995,Pyme-B,193,4183.55,2026-01-03,2026-01-07,1.1,0
C-2996,Pyme-A,155,1893.99,2026-01-12,2026-01-10,-1.0,0
C-2997,Pyme-C,169,2202.46,2026-01-01,2026-01-04,0.4,0
C-2998,Pyme-B,238,3094.73,2026-01-03,2026-01-06,0.6,0
C-2999,Pyme-C,249,2233.72,2026-01-16,2026-01-20,1.0,0
C-3000,Pyme-A,196,1847.58,2026-01-11,2026-01-12,0.8,0
C-3001,Pyme-A,173,3237.9,2026-01-31,2026-02-01,0.1,0
C-3002,Pyme-A,48,1547.69,2026-01-04,2026-01-05,1.0,0
C-3003,Pyme-C,204,3894.31,2026-01-17,2026-01-21,1.3,0
C-3004,Pyme-C,191,1746.97,2026-01-20,2026-01-23,0.7,0
C-3005,Pyme-A,43,99999.0,2026-01-16,,,0
C-3006,Pyme-A,159,3763.77,2026-01-18,2026-01-21,0.1,0
C-3007,Pyme-B,250,2165.55,2026-01-27,2026-01-31,1.4,0
C-3008,Pyme-B,10,60.16,2026-01-10,2026-01-09,-2.0,1
C-3009,Pyme-C,64,1174.53,2026-01-13,2026-01-14,0.5,0
C-3010,Pyme-A,174,3230.44,2026-01-31,2026-02-02,1.1,0
C-3011,Pyme-C,231,2865.12,2026-01-25,2026-01-29,1.5,0
C-3012,Pyme-C,131,-92.71,2026-01-04,,,0
C-3013,Pyme-A,242,1467.47,2026-01-11,2026-01-14,0.8,0
C-3014,Pyme-A,176,4494.2,2026-01-12,2026-01-14,0.9,0
C-3015,Pyme-C,123,3925.96,2026-01-21,2026-01-23,0.8,0
C-3016,Pyme-C,122,3051.13,2026-01-07,2026-01-10,1.1,0
C-3017,Pyme-C,230,1740.13,2026-01-15,2026-01-18,1.9,0
C-3018,Pyme-A,225,928.25,2026-01-01,2026-01-04,0.6,0
C-3019,Pyme-A,117,824.3,2026-01-07,2026-01-10,2.0,0
C-3020,Pyme-A,237,99999.0,2026-01-09,2026-01-06,-2.0,0
C-3021,Pyme-A,49,2503.37,2026-01-09,2026-01-11,0.3,0
C-3022,Pyme-C,103,1662.08,2026-01-03,2026-01-07,1.6,0
C-3023,Pyme-B,185,4196.16,2026-01-24,2026-01-27,1.5,0
C-3024,Pyme-B,84,2606.62,2026-01-23,2026-01-27,1.8,0
C-3025,Pyme-A,192,3176.34,2026-01-26,2026-01-29,0.1,0
C-3026,Pyme-B,60,3686.45,2026-01-11,2026-01-14,1.8,0
C-3027,Pyme-B,146,4241.91,2026-01-25,2026-01-26,0.2,0
C-3028,Pyme-C,207,3943.07,2026-01-21,2026-01-25,1.9,0
C-3029,Pyme-B,53,1927.7,2026-01-18,2026-01-21,0.1,0
C-3030,Pyme-A,123,2658.89,2026-01-02,2026-01-05,0.4,0
C-3031,Pyme-C,140,4392.85,2026-01-19,2026-01-23,1.5,0
C-3032,Pyme-A,96,2398.16,2026-01-05,2026-01-04,-3.0,0
C-3033,Pyme-A,161,2914.33,2026-01-13,2026-01-15,0.1,0
C-3034,Pyme-A,142,-63.04,2026-01-05,,,0
C-3035,Pyme-B,183,99999.0,2026-01-19,,,0
C-3036,Pyme-A,10,204.0,2026-01-08,2026-01-17,8.4,1
C-3037,Pyme-A,108,3674.06,2026-01-30,2026-02-02,0.6,0
C-3038,Pyme-A,68,3285.47,2026-01-12,2026-01-13,0.8,0
C-3039,Pyme-B,128,2997.35,2026-01-10,2026-01-11,0.0,0
C-3040,Pyme-B,197,3839.86,2026-01-20,2026-01-22,1.6,0
C-3041,Pyme-B,51,4219.59,2026-01-22,2026-01-24,0.5,0
C-3042,Pyme-A,233,3495.4,2026-01-24,2026-01-25,0.2,0
C-3043,Pyme-A,198,4228.9,2026-01-27,2026-01-30,1.7,0
C-3044,Pyme-A,127,3367.04,2026-01-15,2026-01-13,-1.0,0
C-3045,Pyme-B,93,3538.05,2026-01-18,2026-01-21,0.4,0
C-3046,Pyme-B,180,2587.2,2026-01-05,2026-01-09,1.5,0
C-3047,Pyme-C,211,868.04,2026-01-22,2026-01-26,1.2,0
C-3048,Pyme-A,105,1430.18,2026-01-26,2026-01-29,0.6,0
C-3049,Pyme-C,109,996.42,2026-01-01,2026-01-03,1.3,0
C-3050,Pyme-B,209,99999.0,2026-01-22,,,0
C-3051,Pyme-B,67,870.59,2026-01-21,2026-01-24,1.7,0
C-3052,Pyme-A,137,2681.6,2026-01-29,2026-02-01,1.4,0
C-3053,Pyme-B,192,2766.77,2026-01-17,2026-01-19,0.4,0
C-3054,Pyme-C,222,879.51,2026-01-17,2026-01-19,0.5,0
C-3055,Pyme-B,165,2255.58,2026-01-12,2026-01-15,0.3,0
C-3056,Pyme-B,130,-147.82,2026-01-17,2026-01-15,-1.0,0
C-3057,Pyme-C,105,4051.11,2026-01-27,2026-01-29,1.8,0
C-3058,Pyme-C,111,1634.66,2026-01-13,2026-01-16,0.7,0
C-3059,Pyme-A,62,3500.59,2026-01-22,2026-01-26,1.0,0
C-3060,Pyme-C,215,1641.48,2026-01-05,2026-01-07,0.5,0
C-3061,Pyme-B,194,2018.35,2026-01-07,2026-01-11,1.1,0
C-3062,Pyme-A,188,2803.01,2026-01-28,2026-01-30,1.6,0
C-3063,Pyme-B,216,3409.0,2026-01-05,2026-01-08,1.0,0
C-3064,Pyme-A,12,283.26,2026-01-11,2026-01-21,9.5,1
C-3065,Pyme-C,176,99999.0,2026-01-11,,,0
C-3066,Pyme-A,226,909.09,2026-01-14,2026-01-16,0.6,0
C-3067,Pyme-B,153,3558.76,2026-01-21,2026-01-25,1.6,0
C-3068,Pyme-B,78,3682.7,2026-01-06,2026-01-05,-3.0,0
C-3069,Pyme-C,185,3065.74,2026-01-08,2026-01-12,1.2,0
C-3070,Pyme-A,131,1094.06,2026-01-05,2026-01-09,1.6,0
C-3071,Pyme-C,160,3434.47,2026-01-28,2026-01-30,0.7,0
C-3072,Pyme-B,161,1308.8,2026-01-02,2026-01-04,0.4,0
C-3073,Pyme-A,109,4315.73,2026-01-22,2026-01-23,0.4,0
C-3074,Pyme-A,56,1455.19,2026-01-15,2026-01-19,1.9,0
C-3075,Pyme-B,216,2002.11,2026-01-08,2026-01-10,0.9,0
C-3076,Pyme-B,238,954.76,2026-01-13,2026-01-17,1.5,0
C-3077,Pyme-B,140,3062.57,2026-01-20,2026-01-24,1.5,0
C-3078,Pyme-C,204,-102.06,2026-01-15,,,0
C-3079,Pyme-B,50,4047.79,2026-01-18,2026-01-20,0.5,0
C-3080,Pyme-C,50,99999.0,2026-01-21,2026-01-20,-2.0,0
C-3081,Pyme-B,152,2272.75,2026-01-27,2026-01-29,0.6,0
C-3082,Pyme-B,82,2363.11,2026-01-02,2026-01-06,1.2,0
C-3083,Pyme-C,76,2515.24,2026-01-03,2026-01-07,1.3,0
C-3084,Pyme-C,68,1465.15,2026-01-29,2026-02-02,1.2,0
C-3085,Pyme-C,74,2254.35,2026-01-01,2026-01-02,0.6,0
C-3086,Pyme-B,191,4117.48,2026-01-29,2026-02-01,1.8,0
C-3087,Pyme-A,104,1999.08,2026-01-23,2026-01-25,1.3,0
C-3088,Pyme-C,227,1257.11,2026-01-15,2026-01-18,0.2,0
C-3089,Pyme-B,61,2738.12,2026-01-26,2026-01-29,0.8,0
C-3090,Pyme-C,80,2201.11,2026-01-25,2026-01-26,0.8,0
C-3091,Pyme-B,184,4023.83,2026-01-06,2026-01-08,1.7,0
C-3092,Pyme-A,14,228.01,2026-01-10,2026-01-07,-4.0,1
C-3093,Pyme-B,200,1468.58,2026-01-31,2026-02-02,1.8,0
C-3094,Pyme-A,199,3631.96,2026-01-16,2026-01-18,0.0,0
C-3095,Pyme-C,246,99999.0,2026-01-08,,,0
C-3096,Pyme-A,190,3240.04,2026-01-15,2026-01-16,0.9,0
C-3097,Pyme-C,193,824.32,2026-01-09,2026-01-13,1.8,0
C-3098,Pyme-C,182,3834.45,2026-01-06,2026-01-07,0.4,0
C-3099,Pyme-A,207,2091.37,2026-01-02,2026-01-05,0.3,0
C-3100,Pyme-C,194,-54.9,2026-01-14,,,0
C-3101,Pyme-A,81,3286.73,2026-01-23,2026-01-27,1.2,0
C-3102,Pyme-C,186,3713.04,2026-01-15,2026-01-18,0.4,0
C-3103,Pyme-C,132,4246.48,2026-01-10,2026-01-12,0.2,0
C-3104,Pyme-B,137,3834.98,2026-01-27,2026-01-24,-1.0,0
C-3105,Pyme-B,160,1297.82,2026-01-09,2026-01-12,1.4,0
C-3106,Pyme-C,145,2741.19,2026-01-20,2026-01-22,1.4,0
C-3107,Pyme-A,186,3500.0,2026-01-03,2026-01-06,1.3,0
C-3108,Pyme-C,216,3037.68,2026-01-23,2026-01-26,1.6,0
C-3109,Pyme-B,195,3936.85,2026-01-19,2026-01-22,0.5,0
C-3110,Pyme-B,73,99999.0,2026-01-24,,,0
C-3111,Pyme-C,167,2622.27,2026-01-20,2026-01-21,0.4,0
C-3112,Pyme-C,114,4423.25,2026-01-01,2026-01-03,0.0,0
C-3113,Pyme-C,243,1236.33,2026-01-26,2026-01-30,1.7,0
C-3114,Pyme-B,145,968.32,2026-01-26,2026-01-29,0.7,0
C-3115,Pyme-A,42,3170.29,2026-01-09,2026-01-11,1.4,0
C-3116,Pyme-B,116,2674.75,2026-01-01,2025-12-31,-3.0,0
C-3117,Pyme-B,141,3480.27,2026-01-01,2026-01-03,1.2,0
C-3118,Pyme-A,124,3885.15,2026-01-16,2026-01-19,1.8,0
C-3119,Pyme-A,205,1302.29,2026-01-15,2026-01-18,0.3,0
C-3120,Pyme-B,9,246.0,2026-01-24,2026-01-31,6.5,1
C-3121,Pyme-C,116,2890.29,2026-01-18,2026-01-22,1.4,0
C-3122,Pyme-A,93,-141.62,2026-01-26,,,0
C-3123,Pyme-B,56,4387.57,2026-01-01,2026-01-03,0.6,0
C-3124,Pyme-B,200,2776.81,2026-01-20,2026-01-22,0.3,0
C-3125,Pyme-A,192,99999.0,2026-01-10,,,0
C-3126,Pyme-C,120,3426.41,2026-01-03,2026-01-05,0.5,0
C-3127,Pyme-A,135,2472.05,2026-01-07,2026-01-11,1.9,0
C-3128,Pyme-B,84,1215.26,2026-01-25,2026-01-24,-1.0,0
C-3129,Pyme-B,169,892.26,2026-01-17,2026-01-18,1.0,0
C-3130,Pyme-A,127,4217.46,2026-01-17,2026-01-20,1.5,0
C-3131,Pyme-B,76,3647.08,2026-01-31,2026-02-03,0.2,0
C-3132,Pyme-C,73,1559.19,2026-01-13,2026-01-16,0.1,0
C-3133,Pyme-C,69,815.21,2026-01-22,2026-01-26,1.9,0
C-3134,Pyme-A,125,2527.44,2026-01-17,2026-01-20,0.1,0
C-3135,Pyme-C,119,883.18,2026-01-21,2026-01-23,1.5,0
C-3136,Pyme-B,91,1512.42,2026-01-11,2026-01-13,0.6,0
C-3137,Pyme-C,70,1808.82,2026-01-04,2026-01-05,0.3,0
C-3138,Pyme-C,183,2702.02,2026-01-12,2026-01-15,0.4,0
C-3139,Pyme-B,109,1323.76,2026-01-10,2026-01-14,1.4,0
C-3140,Pyme-A,83,99999.0,2026-01-11,2026-01-08,-4.0,0
C-3141,Pyme-A,73,907.27,2026-01-02,2026-01-04,1.8,0
C-3142,Pyme-B,53,1118.64,2026-01-23,2026-01-26,0.8,0
C-3143,Pyme-C,201,3893.85,2026-01-20,2026-01-23,1.4,0
C-3144,Pyme-B,125,-117.09,2026-01-18,,,0
C-3145,Pyme-A,233,3628.38,2026-01-03,2026-01-07,1.1,0
C-3146,Pyme-B,64,2485.66,2026-01-23,2026-01-26,1.4,0
C-3147,Pyme-B,99,4305.56,2026-01-29,2026-02-01,0.3,0
C-3148,Pyme-B,7,148.02,2026-01-22,2026-02-01,8.2,1
C-3149,Pyme-B,156,2603.77,2026-01-04,2026-01-06,0.1,0
C-3150,Pyme-B,158,3929.34,2026-01-12,2026-01-15,0.6,0
C-3151,Pyme-C,72,2679.41,2026-01-23,2026-01-24,0.8,0
C-3152,Pyme-B,182,3202.97,2026-01-18,2026-01-16,-4.0,0
C-3153,Pyme-C,145,1682.73,2026-01-06,2026-01-08,0.5,0
C-3154,Pyme-B,56,2060.64,2026-01-19,2026-01-22,1.6,0
C-3155,Pyme-B,185,99999.0,2026-01-08,,,0
C-3156,Pyme-A,209,3277.54,2026-01-23,2026-01-27,1.5,0
C-3157,Pyme-B,69,2991.0,2026-01-18,2026-01-19,0.9,0
C-3158,Pyme-B,85,1939.73,2026-01-20,2026-01-21,0.8,0
C-3159,Pyme-C,248,3006.7,2026-01-11,2026-01-14,1.6,0
C-3160,Pyme-C,209,1027.48,2026-01-05,2026-01-08,0.4,0
C-3161,Pyme-C,247,800.68,2026-01-05,2026-01-07,0.3,0
C-3162,Pyme-C,114,2242.94,2026-01-07,2026-01-09,1.2,0
C-3163,Pyme-C,121,1909.02,2026-01-22,2026-01-25,1.6,0
C-3164,Pyme-B,223,4435.55,2026-01-03,2025-12-31,-1.0,0
C-3165,Pyme-C,170,2295.53,2026-01-10,2026-01-11,0.3,0
C-3166,Pyme-B,180,-106.0,2026-01-12,,,0
C-3167,Pyme-A,112,4003.01,2026-01-23,2026-01-26,0.5,0
C-3168,Pyme-B,200,1977.07,2026-01-13,2026-01-15,0.8,0
C-3169,Pyme-C,94,3251.2,2026-01-07,2026-01-10,0.9,0
C-3170,Pyme-B,132,99999.0,2026-01-28,,,0
C-3171,Pyme-C,72,1296.83,2026-01-01,2026-01-02,0.1,0
C-3172,Pyme-C,164,3234.33,2026-01-05,2026-01-07,1.9,0
C-3173,Pyme-A,204,3781.98,2026-01-29,2026-02-02,1.7,0
C-3174,Pyme-C,148,3106.02,2026-01-14,2026-01-17,0.9,0
C-3175,Pyme-B,138,2114.64,2026-01-20,2026-01-21,0.4,0
C-3176,Pyme-C,9,261.7,2026-01-17,2026-01-15,-4.0,1
C-3177,Pyme-C,187,2157.79,2026-01-19,2026-01-22,2.0,0
C-3178,Pyme-C,134,1218.71,2026-01-23,2026-01-24,1.0,0
C-3179,Pyme-A,226,3505.78,2026-01-25,2026-01-28,2.0,0
C-3180,Pyme-B,172,1089.47,2026-01-03,2026-01-05,1.8,0
C-3181,Pyme-B,201,3544.24,2026-01-03,2026-01-07,1.9,0
C-3182,Pyme-C,178,3752.96,2026-01-02,2026-01-04,0.6,0
C-3183,Pyme-C,239,839.9,2026-01-29,2026-01-31,0.9,0
C-3184,Pyme-C,227,2026.6,2026-01-26,2026-01-28,0.7,0
C-3185,Pyme-B,82,99999.0,2026-01-24,,,0
C-3186,Pyme-B,226,3704.58,2026-01-21,2026-01-23,0.5,0
C-3187,Pyme-C,83,2919.58,2026-01-10,2026-01-14,1.3,0
C-3188,Pyme-C,46,-100.56,2026-01-28,2026-01-26,-3.0,0
C-3189,Pyme-A,197,1839.6,2026-01-01,2026-01-05,1.7,0
C-3190,Pyme-A,194,1446.07,2026-01-05,2026-01-09,1.2,0
C-3191,Pyme-B,134,3789.01,2026-01-23,2026-01-24,0.5,0
C-3192,Pyme-B,86,3757.68,2026-01-11,2026-01-13,1.7,0
C-3193,Pyme-A,192,4255.58,2026-01-16,2026-01-18,0.3,0
C-3194,Pyme-B,100,3244.47,2026-01-06,2026-01-08,1.5,0
C-3195,Pyme-C,227,3914.78,2026-01-09,2026-01-10,0.1,0
C-3196,Pyme-A,82,2516.86,2026-01-16,2026-01-19,1.0,0
C-3197,Pyme-C,99,2205.26,2026-01-16,2026-01-19,1.4,0
C-3198,Pyme-A,175,4020.03,2026-01-30,2026-02-01,0.0,0
C-3199,Pyme-B,213,1968.05,2026-01-31,2026-02-02,1.1,0
C-3200,Pyme-A,176,99999.0,2026-01-14,2026-01-11,-3.0,0
